Ensembl_ID,TCGA-V1-A8MM-01A,TCGA-EJ-A46H-01A,TCGA-V1-A8MK-01A,TCGA-X4-A8KS-01A,TCGA-VP-A87C-01A,TCGA-EJ-A46I-01A,TCGA-EJ-7321-01A,TCGA-EJ-7321-11A,TCGA-KK-A59Z-01A,TCGA-G9-6378-01A,TCGA-EJ-8469-01A,TCGA-KK-A59X-01A,TCGA-HC-8257-01A,TCGA-HC-8259-01A,TCGA-HC-8259-11A,TCGA-HC-8260-01A,TCGA-HC-8260-11A,TCGA-QU-A6IO-01A,TCGA-HC-A4ZV-01A,TCGA-VP-A87J-01A,TCGA-KK-A8IF-01A,TCGA-EJ-A65M-01A,TCGA-KK-A6DY-01A,TCGA-VP-A875-01A,TCGA-KC-A4BL-01A,TCGA-KK-A6E5-01A,TCGA-G9-7509-01A,TCGA-EJ-5511-01A,TCGA-VP-A87E-01A,TCGA-EJ-7789-01A,TCGA-EJ-7789-11A,TCGA-VN-A88M-01A,TCGA-YL-A8HO-01A,TCGA-V1-A8MU-01A,TCGA-EJ-A65E-01A,TCGA-V1-A8WL-01A,TCGA-V1-A8MF-01A,TCGA-V1-A8WN-01A,TCGA-HC-8256-01A,TCGA-HC-7737-01A,TCGA-HC-7737-11A,TCGA-HC-8261-01A,TCGA-KK-A6E3-01A,TCGA-EJ-7782-01A,TCGA-EJ-7782-11A,TCGA-G9-7523-01A,TCGA-KK-A6E2-01A,TCGA-HC-7077-01A,TCGA-KK-A7AV-01A,TCGA-V1-A8ML-01A,TCGA-V1-A8MG-01A,TCGA-YL-A9WK-01A,TCGA-HC-8258-01A,TCGA-HC-8258-01B,TCGA-HC-8258-11A,TCGA-KK-A7AW-01A,TCGA-EJ-8470-01A,TCGA-VN-A88R-01A,TCGA-KC-A4BN-01A,TCGA-XJ-A83G-01A,TCGA-KK-A5A1-01A,TCGA-KK-A8I5-01A,TCGA-J4-8198-01A,TCGA-KK-A6E4-01A
ENSG00000004468.11,13.03273453,11.79441587,12.59128858,11.05324713,11.45635442,12.25473339,9.400879436,14.24391776,6.918863237,11.00912879,5.672425342,7.714245518,13.01924322,13.2822197,13.77900111,13.83693796,13.92444139,13.31529111,7.21916852,5.672425342,5.247927513,9.946906274,9.214319121,5.285402219,10.50481899,13.55410915,12.81598363,12.1091777,10.68211676,5.285402219,14.45449209,10.07815081,9.011227255,11.75988818,9.243173983,12.55961609,9.273795599,11.83368075,11.31854281,12.72877085,11.37612539,12.69021628,12.37693932,8.28077077,13.5070513,7.21916852,6.794415866,11.55458885,12.64408159,13.45955969,11.87075,6.845490051,13.10066234,11.04848687,14.32762281,10.70130646,12.55458885,9.594324604,12.00035218,9.942514505,10.27961058,9.544964433,9.882643049,11.89026428
ENSG00000004776.10,10.44604941,12.64498286,12.33957168,12.40274562,10.99717948,11.67065625,9.06608919,12.82316818,11.76901132,12.80695233,7.936637939,8.832890014,9.583082768,11.80936621,12.17242751,10.64655871,11.74651432,10.857981,10.033423,9.594324604,7.768184325,11.08746284,10.04302728,8.758223215,12.02513956,9.83447105,11.68255574,11.41996018,14.59898297,7.8008999,12.29777606,10.49884921,11.92221272,12.34401844,10.49385545,10.89026428,10.60362634,11.92592526,9.985841937,11.45481335,13.11048331,10.32530546,12.60293079,10.28540222,11.51274046,14.73100075,9.312882955,9.315149562,10.2737956,11.65463603,10.58025857,12.38747887,11.70606427,13.20930105,10.56510208,9.627533884,9.873444113,9.581200582,10.08613623,9.988684687,9.675957033,10.53040634,11.26502894,10.71681946
ENSG00000004799.7,9.211888295,12.56152662,12.99329224,9.654636029,10.83605036,9.121533517,11.65776504,14.55752353,12.33063682,11.891404,7.77478706,8.577428828,9.335390355,10.73809226,12.8077574,13.55194853,13.3327359,10.20457114,10.80009099,10.99223026,9.632995197,10.357552,11.70735913,7.832890014,12.34900472,9.577428828,13.25222191,11.36303963,12.79461893,7.375039431,13.73078853,10.90538701,9.840777924,11.61148594,12.07714952,12.12767197,12.31628153,13.13859179,10.44708323,15.70649602,15.58287702,10.08081753,10.23840474,9.259743264,11.44811631,12.99258434,8.888743249,10.67860014,10.67683861,10.99435344,10.59339112,13.44436787,12.74504401,11.86920825,17.62911467,7.266786541,11.41415668,9.654636029,12.96452137,9.977279923,9.876516947,12.84529402,12.15291858,8.487840034
ENSG00000006118.13,11.60733031,8.87958325,10.12412131,8.451211112,10.90538701,9.283088353,10.97154355,9.465566405,12.19136771,10.47065887,10.35645197,11.82296909,11.61424973,11.50581155,9.346513733,11.62113611,8.924812504,12.01297365,12.38990017,12.31288296,11.40832974,11.03479896,11.87690059,11.70303839,11.0313566,11.26268214,11.26150731,11.90726625,9.816983623,12.00035218,9.084808388,11.32080055,9.419960178,10.6411486,9.46760555,10.05120894,10.05256805,10.40620501,10.84470576,10.76487159,8.658211483,10.93516505,11.35700209,11.03891899,8.686500527,10.27612441,11.8761332,13.29289676,10.67419227,11.14274528,10.712527,12.07714952,10.49884921,6.64385619,7.592457037,11.58683979,11.51175265,9.214319121,10.29232163,10.14338321,11.8419574,11.22158712,11.97548976,13.50878516
ENSG00000012223.11,8.977279923,10.92184094,10.01680829,14.30648896,16.36743182,13.79715487,14.4603279,13.34637522,13.3079123,11.36358725,9.612868497,7.366322214,13.33817925,8.717676423,12.45429929,8.707359132,10.06474276,14.4068029,10.85174904,7.599912842,4.95419631,14.91541259,16.19844504,8.54689446,14.46900579,12.32249154,8.285402219,13.45763738,14.79243446,4.700439718,14.80307161,9.573647187,10.3376219,14.68682877,15.24885411,14.30235333,12.86263736,7.614709844,9.321928095,15.28843355,17.67779533,15.10697181,14.82510785,14.65329295,14.59163922,7.64385619,9.665335917,12.90801726,15.36550227,12.60640521,9.17990909,7.06608919,15.66416947,14.11967067,16.6695633,15.54999519,17.17987022,6.672425342,13.05052891,12.11991379,9.5980525,4.95419631,9.303780748,10.82495874
ENSG00000018236.13,8.965784285,11.13891172,10.85486838,9.303780748,10.5849625,9.434628228,9.428360173,11.90275194,9.995767151,11.48834228,8.426264755,9.01402047,11.57412044,8.299208018,11.91811785,10.72024426,10.88034881,8.807354922,10.24198315,8.997179481,7.515699838,9.303780748,10.01402047,8.744833837,11.29576893,10.17242751,10.7968508,11.67727919,9.315149562,8.62935662,12.17461365,8.209453366,10.86805085,11.0986901,9.887220615,10.4429435,9.487840034,10.89405985,9.071462363,11.17990909,10.92925841,10.32418055,10.53527538,11.29232163,11.42940674,13.49573013,8.939579214,8.622051819,9.461479447,10.39660478,10.69522829,10.92999806,10.94763694,11.05460432,9.465566405,6.491853096,10.68825031,8.370687407,8.603626345,7.592457037,10.34096276,9.465566405,11.68167766,8.569855608
ENSG00000022267.15,11.71209705,13.88426593,13.59770342,11.54158066,12.66688971,13.16553514,11.36959735,14.37034685,13.02997735,13.68573433,11.08347933,11.49535539,11.89519657,12.79948401,15.16321724,13.08281434,14.14656868,11.22520744,10.6794801,11.4003458,10.41045135,11.99506047,11.83959748,11.3140167,13.50133962,12.04439412,12.62821768,14.04328366,15.88197427,10.77148947,14.73184934,10.18239435,12.58894882,13.66378045,10.95274125,12.95546829,11.67065625,13.66133275,11.25797706,12.55218876,13.61712305,12.56081047,12.2261111,13.05951346,14.09292228,16.21737084,10.82813648,10.77231457,10.78299821,12.43123641,12.62548055,13.19367935,13.32277318,12.52576548,13.19167615,9.224001674,10.89481776,11.47573343,12.09671515,10.79522797,11.57364719,12.61010206,13.82714419,11.21431912
ENSG00000039139.9,10.41996018,8.124121312,10.49785184,9.99859043,11.20089861,9.77807713,10.88340699,8.689997971,9.038918989,10.19105921,9.705632387,10.49285462,11.77437527,12.04882741,9.129283017,10.21674586,8.129283017,9.970105891,10.43879185,9.197216693,11.05052891,11.18982456,10.05663772,11.37232095,9.911391988,12.10558118,10.90989308,12.56581611,10.59058705,12.20120501,9.874981348,10.23840474,8.810571635,11.54689446,11.02306125,10.76321237,10.14593215,12.17305246,12.09110476,11.37177664,6.339850003,12.63458419,8.262094845,12.32277318,8.909893084,9.571752644,11.46760555,12.32586758,11.06002035,10.71424552,10.84313591,10.74735383,10.36959735,9.47370575,5.727920455,10.15481811,11.93663794,9.497851837,11.02721489,10.14720492,10.29347165,10.98584194,12.37829486,10.5028318
ENSG00000043591.5,11.66266838,9.97441459,10.39874369,9.786269628,10.56795608,10.23720996,11.51865316,10.81778312,8.071462363,9.548821908,8.672425342,11.04780555,10.13955135,11.28135051,9.436711542,10.6891244,10.22881869,11.38747887,11.15987134,11.20273604,10.48582931,11.41626974,10.97584797,11.21249639,8.813781191,10.59991284,11.71810471,10.4314976,10.51274046,10.60177079,10.82575383,11.67154107,9.552669098,10.37068741,11.99682653,9.831307244,10.83526092,10.24911345,10.23361968,10.50481899,4.754887502,10.95274125,10.2772874,11.78994113,9.599912842,7.400879436,10.63753055,11.10263189,10.97871046,10.6617781,9.972979786,10.37612539,11.36850646,9.562242424,3.700439718,8.665335917,11.51816136,10.00982862,10.22400167,10.24317398,11.40779885,10.32755264,11.10525378,12.97244137
ENSG00000058668.13,11.06137119,13.39204904,13.42442876,11.40514146,12.63185913,12.92407019,11.58120058,13.64363075,12.74336181,12.2647358,10.22520744,10.14338321,11.52061868,12.51889899,13.21704891,12.8612808,13.27699674,11.30947635,10.40832974,10.81137469,8.912889336,11.21249639,11.89330153,10.26561505,13.00088028,11.57506646,13.13859179,13.2982058,12.31004468,10.75905594,13.09044328,9.861086906,12.24317398,12.84646981,10.57175264,11.60269887,11.12412131,13.64103567,11.37123213,12.62319564,13.98868469,12.25473339,11.62798978,12.48733762,12.27699674,14.26729877,10.34540525,10.54109662,11.32136443,12.13185696,11.84352853,12.20945337,12.46505617,13.18332522,12.58683979,9.511752654,12.01297365,9.893301531,11.48884435,9.693486957,10.57931594,11.7652861,13.53782506,10.22158712
ENSG00000065534.17,13.31953101,15.46362016,16.43306377,14.24725999,15.0526954,15.63702104,13.79055214,16.45983181,15.42966827,16.00910691,12.87881728,12.96181141,13.04524773,15.51301816,16.64415202,14.95877925,16.24688902,12.80170836,12.92407019,12.97046544,13.99638522,14.09110476,14.25414285,12.66200072,15.21481238,14.1067265,15.70994538,15.8629763,14.76445696,12.34096276,16.06993221,12.09967655,15.46779657,15.66389161,13.15212637,14.73200839,13.25591375,16.17687438,13.94471206,14.93801741,16.69369113,14.65480383,14.8263002,14.74457109,15.89992332,17.09355168,12.64835758,12.65597786,13.2610665,14.64447596,14.22256852,14.70956851,14.74892659,14.39947821,15.13478727,10.59618976,13.82803729,12.70000615,13.99762055,12.34485068,12.94599242,14.44914865,15.76188881,12.99559051
ENSG00000066468.19,10.96144969,12.23212108,11.76445696,11.00140819,10.87344411,11.88569637,10.25738784,12.60130653,10.38694025,10.05934446,8.174925683,9.177419538,10.23242093,9.667111542,12.36358725,12.33678548,12.70065645,10.93221475,8.118941073,6.832890014,9.016808288,10.40832974,10.96072599,6.820178962,12.42390377,10.60917874,11.24198315,10.34651373,8.348728154,5.209453366,12.71767642,8.335390355,10.64655871,11.07547915,10.52454172,9.525520809,9.915879379,12.07079181,10.09143539,11.38747887,12.95401451,10.88264305,9.903881846,11.18982456,12.28366717,10.53624722,7.366322214,8.618385502,10.84235034,9.946906274,10.41996018,8.139551352,12.48230378,10.81698362,12.56629193,7.499845887,11.34928123,7.562242424,10.16616308,9.921840937,7.95419631,8.339850003,10.85018684,8.164906927
ENSG00000069702.9,10.17866485,12.23062093,11.21613956,9.890264277,11.1692987,10.46964182,9.985841937,11.93073734,10.44397954,11.10394343,8.927777962,9.361943774,10.96578428,9.945443836,11.89784546,11.21188829,11.49884921,9.221587121,9.581200582,9.481799432,8.361943774,9.523561956,10.49685378,8.531381461,11.36850646,10.70908381,10.58120058,11.85135865,10.88798213,9.703903573,11.92035286,9.136991112,11.49285462,11.69522829,10.13442632,10.65284497,10.35974956,11.40832974,10.01122726,11.92369888,13.90979935,10.47775827,10.24317398,10.52061868,11.38747887,12.54448152,9.601770788,9.903881846,10.33315535,9.972979786,10.15101654,11.00422047,11.027906,10.97727992,14.15592502,8.022367813,10.96506276,8.447083226,10.58777752,8.194756854,9.471675214,10.62479546,11.92962828,9.098032083
ENSG00000073756.10,7.098032083,12.19044202,9.22881869,11.21249639,12.07280253,11.31004468,11.08945048,12.39660478,10.48683502,8.87958325,7.965784285,9.278449458,9.364134655,8.768184325,10.2911707,10.4314976,9.943979914,10.13442632,9.890264277,10.68035952,7.64385619,9.59058705,12.13249973,6.832890014,11.74104558,9.672425342,9.328674927,9.400879436,11.67154107,6.714245518,11.87920032,11.48683502,10.6128685,9.804131021,10.76487159,9.744833837,9.942514505,10.21067134,10.03479896,12.75843144,15.95528665,8.942514505,9.893301531,12.8558418,12.49884921,8.810571635,9.09011242,8.348728154,11.01402047,9.337621902,8.515699838,10.16490693,11.84235034,10.99293834,17.05458312,5.832890014,11.77396337,8.082149041,11.15418521,8.948367232,7.6794801,9.773139207,10.39016896,8.566054038
ENSG00000076864.18,12.01402047,11.64790807,12.36604895,11.23780747,12.89216331,12.24168529,13.68409111,12.59245704,12.2629757,11.17617315,12.72344764,11.14974712,13.75415679,13.23182118,11.59198977,13.169925,12.11926538,13.32051852,10.01820018,13.15323534,11.80372753,12.90538701,12.93755773,13.76632185,11.92814822,13.35231935,12.95528665,14.04345456,12.76217438,13.29634268,12.23750875,12.59618976,11.58590145,12.79014483,13.81057163,12.0610336,12.87363636,12.32979634,13.77416934,12.21522963,8.049848549,13.38451396,12.34955769,14.08364553,11.52454172,13.72749507,13.79218023,14.07439237,13.197831,13.43567026,11.94471206,11.857981,13.08862263,9.071462363,7.658211483,12.7807448,12.60084211,12.64768327,11.97333862,12.66311331,12.50258321,13.72792045,14.32544601,13.5932744
ENSG00000084207.14,11.15924065,13.71134433,12.63503787,12.55002526,12.57860856,12.39473063,11.12282799,14.19321732,11.79116289,12.15987134,8.87036472,10.509775,11.60686784,10.85486838,13.65418847,13.64622117,13.48909532,14.16529959,10.70822173,9.882643049,8.640244936,12.90199819,12.10721708,9.06608919,14.08106728,12.10263189,12.25355206,11.34983409,11.89102419,9.129283017,13.74609438,10.81458247,12.8864587,12.4123052,11.75988818,11.32699117,11.96938652,11.98761931,10.88264305,12.27873983,15.68387187,11.81618368,13.49210354,11.08812569,13.63197277,13.31132259,9.840777924,9.601770788,12.56605404,11.57601187,11.55458885,11.51076417,13.95192213,8.693486957,16.45752517,11.70735913,12.12863881,10.47876962,11.20579325,11.80896417,10.78053977,10.32979634,11.95891516,11.39231742
ENSG00000085662.12,10.33315535,10.61930296,10.06608919,9.415741768,10.93073734,9.599912842,8.968666793,11.27786855,9.894817763,11.72579227,7.62935662,9.469641817,9.709083813,8.939579214,11.28828934,11.43931146,11.37340896,10.93663794,9.784634846,8.84862294,7.651051691,10.83447105,9.674192268,7.826548487,10.62296694,10.01680829,9.243173983,9.939579214,11.08214904,9.394462695,11.82416321,8.614709844,11.63072216,10.29806257,9.54689446,9.321928095,9.654636029,9.929258409,9.25502857,10.74146699,16.40314521,10.62113611,10.84077792,10.12412131,11.16616308,11.83249448,8.447083226,7.982993575,10.66266838,9.525520809,9.276124405,10.04028972,10.88340699,8.290018847,17.34769922,9.172427509,11.56271943,11.23840474,9.321928095,8.696967526,10.52845411,10.02652344,9.853309555,9.052568051
ENSG00000086205.15,12.83624765,12.9854862,13.76186284,11.81578354,14.78304938,12.32558655,13.19090494,13.86505661,12.03686045,14.08945048,9.900866808,15.38704125,15.8615716,14.15766273,12.54496443,13.99744414,12.91101741,14.28929847,9.815383296,14.94095588,11.89216331,14.37143635,15.39063921,14.2387779,14.35266419,13.22550872,14.33866675,12.95219522,12.82992089,15.79702818,13.85895231,13.57068587,11.92629599,14.75054998,15.59286577,13.93599373,13.68420071,13.18084157,15.69555456,13.53174696,5.95419631,16.08385325,13.84930735,15.50859949,12.85817531,12.34457332,15.27725107,15.97410085,14.48003281,15.70792527,14.22896896,15.1794815,14.96375407,10.62570884,5.857980995,14.29073886,15.08198267,15.12262581,14.92657398,14.34492002,14.06297367,14.98277081,15.32769298,10.71080643
ENSG00000095637.19,11.18549492,13.61021744,13.85145626,11.64655871,13.10082657,13.44695404,11.69392249,14.16309928,13.33105688,13.08364553,11.09011242,10.91288934,11.39446269,13.16333519,14.27786855,13.19337135,13.64588355,10.19721669,10.50581155,11.41204051,9.761551232,11.57270023,12.23511671,11.14720492,13.27496047,12.23989682,13.27714208,14.0768156,13.62399577,10.52258153,14.2837395,10.19352536,12.37259303,13.55302925,10.65731845,12.34568245,11.47015044,14.20975796,11.44604941,12.81277897,13.99726771,12.6188443,11.5112585,13.01070293,13.5890659,14.86098995,10.68035952,11.44863257,10.89557528,12.57364719,12.48028532,13.05748412,12.89614316,14.15473901,13.43645129,7.87036472,11.79928162,10.46862404,12.06844242,10.28308835,10.95710204,13.01541505,14.10263189,9.787902559
ENSG00000100842.11,10.36303963,11.72877085,11.38694025,10.75238065,9.964340868,11.30092449,9.038918989,12.91419824,8.977279923,10.61930296,7.21916852,11.05528244,9.703903573,9.084808388,12.50183718,12.33873638,12.68781306,10.17990909,8.519636253,8.266786541,9.691743519,10.83683936,9.990103964,6.845490051,11.38909352,10.07012094,11.00912879,10.02097994,10.7903485,6.539158811,12.18146288,9.129283017,11.59618976,10.63390341,11.47065887,11.01680829,10.04165915,11.48532619,10.91438513,11.22219114,10.63117706,9.871905238,10.70476824,9.479780264,11.60177079,10.91064273,7.971543554,7.426264755,10.89026428,9.477758266,9.995767151,9.618385502,12.51323411,8.577428828,10.66888498,7.375039431,10.61930296,9.084808388,10.38262403,9.434628228,9.105908509,7.876516947,10.31741261,8.491853096
ENSG00000101443.16,8.405141463,11.59479112,11.12799432,11.82694565,11.04916787,11.21674586,9.729620744,12.55770301,10.82257083,10.61746747,6.409390936,6.857980995,10.48884435,10.06069593,11.74062404,11.95201316,11.48482289,12.49959678,8.199672345,6.672425342,3.584962501,11.37883671,11.73259144,5.857980995,12.1176431,10.86650621,10.21431912,9.385862401,9.09011242,4.321928095,12.82495874,9.515699838,10.65731845,11.34485068,10.89860139,10.55362929,9.930737338,10.98156728,9.243173983,10.95201316,16.9248241,10.9068906,12.17211493,9.337621902,12.50655553,10.68474862,6.882643049,7.924812504,11.54399845,10.32755264,9.842350343,6.832890014,12.0768156,8.768184325,15.13815178,11.17492568,11.48784003,6.754887502,10.28655776,10.05120894,6.894817763,8.409390936,9.355351096,9.862637358
ENSG00000101938.13,8.77148947,12.22821744,12.81798293,9.54303182,11.67154107,12.64001893,10.67771964,13.7903485,12.30549179,12.89500718,9.958552715,9.221587121,10.96072599,12.25000227,13.85067521,12.27350423,12.8181827,9.958552715,11.07414146,9.689997971,9.791162889,11.12605912,11.40514146,9.784634846,11.8761332,10.72706956,12.68233627,12.32502431,12.68846888,9.71596199,12.95000904,8.238404739,12.93663794,12.45275603,10.22881869,11.70130646,10.44397954,13.13987106,10.73555602,11.75154406,13.48003281,11.28077077,12.33594857,10.68474862,12.6359448,14.83061424,10.3858624,9.649256178,10.13442632,11.41362793,11.47167521,11.92518352,12.46301341,12.02097994,12.21219237,7.77478706,11.24436384,9.100662339,10.63481105,8.714245518,12.39097501,11.24376903,12.51717725,10.46250227
ENSG00000102837.6,5.357552005,15.86401683,10.41679753,12.31514956,14.19652529,12.75655632,11.39713981,15.31857811,11.80009099,10.75655632,5.64385619,9.960001932,12.68299458,5.523561956,10.666224,14.13955135,11.15860969,13.55146795,6.209453366,5.832890014,0.0,13.41679753,10.027906,6.894817763,15.30231762,9.383704292,9.098032083,11.29001885,9.01402047,2.0,15.62613679,8.033423002,10.81618368,13.62010525,12.85096815,11.03823313,12.82017896,9.445014846,9.403012024,11.70217269,11.05799172,11.7198166,7.033423002,12.50034397,14.13987106,6.129283017,5.392317423,11.51717725,13.29131462,11.40087944,11.94178124,2.321928095,15.54656292,11.75697323,7.562242424,11.8494051,12.17866485,5.044394119,11.35093918,11.52258153,7.14974712,8.714245518,9.74819285,7.768184325
ENSG00000103534.15,10.52160044,11.215533,11.1401907,10.65374078,12.04848687,11.29576893,12.88874325,12.2647358,9.719388821,10.44604941,11.42101286,9.658211483,10.95274125,12.77045742,11.44656641,12.64092274,11.37068741,11.15987134,11.75070699,14.08820853,10.13955135,11.22761594,13.29519496,13.04729435,12.09209641,12.06238349,11.84979602,15.88433749,12.73131903,10.40514146,12.51471405,11.15038197,9.850186838,11.85486838,10.49785184,11.63390341,9.622051819,12.31344994,11.7619667,12.43827206,8.357552005,10.68562484,11.01402047,11.97584797,11.83091128,11.75988818,11.81778312,14.3335048,11.22701419,9.791162889,10.86341196,10.8917837,11.83249448,11.5512276,5.807354922,12.48532619,12.26590801,8.055282436,13.48532619,10.22641219,10.25148241,13.12622048,13.51199967,12.55602699
ENSG00000103710.9,9.815383296,11.8963324,11.63163181,10.6635581,10.6635581,11.15545073,9.2644426,12.39633719,11.08281434,11.61746747,7.912889336,9.46760555,9.259743264,10.66888498,12.64182597,10.64745843,11.98370619,10.76735685,9.592457037,8.894817763,7.562242424,10.47978026,10.16867212,8.584962501,10.857981,10.10066234,10.91811785,11.57884439,10.90839262,8.562242424,11.99045857,9.124121312,11.53040634,11.52698821,9.842350343,10.7548875,10.12799432,11.027906,9.453270634,10.47876962,11.39713981,10.36959735,12.11309098,10.46352437,11.26678654,13.4487616,9.471675214,8.366322214,9.87958325,10.66711154,10.04439412,10.66444728,11.26091953,9.451211112,10.65015421,8.826548487,9.271463028,9.647458426,9.273795599,8.710806434,9.721099189,10.23481743,11.45378506,10.57742883
ENSG00000105270.13,9.853309555,11.59479112,11.14656868,10.12412131,10.74903138,10.4314976,9.469641817,11.89254282,10.43775207,11.71037597,7.592457037,8.826548487,9.513727596,9.86727874,11.56843119,9.927777962,10.99223026,9.717676423,9.905387005,9.038918989,8.266786541,9.477758266,9.638435914,8.73809226,10.97656412,9.588714636,10.54689446,11.14465824,10.05392588,8.405141463,11.02859678,9.033423002,10.91064273,10.97513146,9.310612782,10.51076417,9.493855449,10.87344411,9.144658243,10.71510401,11.45018025,9.943979914,10.52454172,10.56414949,10.24555271,12.82793808,9.20701432,8.511752654,9.82336724,10.09407769,9.882643049,11.10066234,10.48884435,12.03204573,9.59058705,8.487840034,9.837627933,8.696967526,8.73470962,8.317412614,8.888743249,9.453270634,11.04165915,9.303780748
ENSG00000105664.9,13.50146403,8.791162889,7.924812504,7.918863237,14.38936246,7.055282436,10.40301202,10.14593215,9.710806434,9.292321633,10.3376219,12.58965115,8.826548487,6.247927513,6.475733431,11.66578003,5.285402219,11.58543205,11.28077077,12.27554256,12.6343573,10.26209485,10.81137469,12.74819285,9.837627933,11.81297947,9.442943496,13.06777046,9.292321633,10.98868469,10.12541347,9.829722735,8.731319031,9.411510988,8.366322214,9.192292814,8.511752654,9.527477006,7.882643049,12.18394547,9.194756854,11.436191,8.584962501,12.95219522,8.290018847,13.32249154,6.965784285,12.03376711,11.64655871,8.982993575,10.73555602,9.296916207,10.32192809,5.727920455,5.554588852,11.6379833,11.99364606,12.52918651,5.129283017,7.531381461,12.16333519,11.42469119,10.05799172,6.857980995
ENSG00000105707.12,14.26729877,8.592457037,13.05426514,12.12153352,12.33873638,12.97727992,14.28634117,12.00562455,12.85506312,11.91214086,13.18084157,13.72536626,14.01227534,14.46429047,11.84392105,13.32656993,12.07714952,15.1737552,12.68431031,13.7132791,13.92805566,14.31635225,13.42992974,15.51899117,11.90086681,13.62262384,13.38086687,14.62781884,12.69522829,13.29059489,11.357552,14.11455573,12.34318572,13.82873153,14.16726132,12.30378075,13.78871833,12.97226185,14.41646769,13.73121295,9.330916878,14.10328781,12.5389164,14.45577671,11.8494051,5.169925001,14.53192968,14.58965115,13.83209885,14.16781013,13.24153633,13.25369978,13.67264633,7.64385619,9.696967526,14.42881814,13.01820018,13.66666784,13.32769298,14.00079228,12.94196459,13.25930192,14.22475539,14.9884628
ENSG00000105974.10,10.89330153,13.23451809,13.31727128,11.24970606,10.99576715,12.36877926,10.15734694,13.12072388,11.97441459,12.19567979,9.312882955,10.51766939,10.67419227,11.92666663,13.37463199,12.08081753,13.05460432,10.56510208,10.2911707,10.36959735,8.977279923,11.36358725,11.19475685,9.14974712,12.34845154,11.31967212,12.30063855,11.94690627,11.58214198,11.21613956,13.20670915,9.651051691,12.38100211,12.7700444,10.69174352,11.23062093,11.62433855,12.84646981,10.83289001,12.28135051,13.04028972,11.58072965,12.08414401,11.45275603,12.74209887,13.71799765,9.588714636,9.344295908,11.13378441,11.72664392,11.25738784,13.12654316,12.21613956,10.62021983,11.87843415,8.820178962,10.95927751,10.62113611,10.96000193,9.652844973,10.18611424,10.83447105,12.40514146,10.67860014
ENSG00000106034.16,9.041659152,11.72579227,11.2039597,8.344295908,11.31854281,10.30833903,9.52160044,11.96722626,10.65999589,10.70390357,8.86727874,8.693486957,10.72792045,10.027906,11.55889898,10.93957921,11.13891172,7.658211483,8.977279923,10.09011242,7.330916878,8.921840937,9.971543554,8.139551352,11.01820018,9.763212367,10.89481776,12.48934624,10.29920802,8.204571144,12.54665335,7.794415866,10.64745843,12.03101191,9.379378367,10.15101654,9.573647187,11.357552,9.891783703,10.91363743,11.40886044,10.31174832,8.491853096,11.16239133,12.08812569,12.7084373,9.449148645,9.411510988,9.607330314,10.09143539,10.24911345,10.31061278,10.65284497,11.65194861,9.992938336,9.607330314,10.15481811,7.942514505,8.909893084,7.357552005,9.663558104,10.20945337,11.99116751,7.199672345
ENSG00000106809.9,8.209453366,10.40301202,11.48431942,10.56890615,10.08878824,11.04644195,8.781359714,11.35645197,10.45943162,12.24317398,8.330916878,8.103287808,10.66533592,10.30492167,11.56938096,10.91363743,10.60269887,8.577428828,10.69870467,9.187352073,6.700439718,10.24317398,9.741466986,8.189824559,11.76735685,10.25620869,11.40726776,10.83051521,11.08148344,8.366322214,11.9403136,8.614709844,11.78053977,11.92109709,9.292321633,10.71424552,10.27844946,11.65463603,9.763212367,10.9822806,10.15101654,10.29347165,11.28944258,10.18239435,12.38262403,13.62844554,8.761551232,8.618385502,9.962896005,10.82416321,10.80413102,11.8061468,10.49785184,10.19229281,8.290018847,6.523561956,10.70043972,7.73470962,8.864186145,8.348728154,10.48884435,9.714245518,11.31741261,9.37286506
ENSG00000107731.11,9.826548487,12.58096514,9.672425342,8.682994584,11.15671514,10.97584797,9.856425529,12.27903014,10.00422047,9.948367232,9.891783703,9.074141463,10.83368075,8.758223215,10.35424938,11.42836017,11.70520038,9.301496195,10.49785184,9.562242424,8.647458426,9.192292814,10.56605404,9.129283017,11.21856324,10.48884435,10.06474276,10.97871046,9.434628228,9.105908509,11.67771964,8.515699838,11.17679648,9.87958325,10.18487534,9.77478706,9.2644426,10.34429591,9.449148645,10.5574637,14.20800568,10.21067134,9.6794801,11.61378946,10.48784003,12.39713981,9.929258409,9.609178738,10.05799172,9.588714636,9.62935662,7.851749041,12.01402047,8.727920455,14.79907921,7.14974712,9.815383296,9.100662339,9.696967526,8.714245518,9.618385502,9.167418146,10.35314683,9.22881869
ENSG00000109846.6,10.10459875,11.59525748,11.79928162,11.47421294,10.15101654,10.81698362,9.463524373,12.82932634,10.79522797,11.87958325,8.483815777,10.41996018,10.08878824,10.29691621,12.94763694,12.38532318,12.61953223,11.51569984,9.709083813,9.21916852,13.38842097,11.08945048,10.64205169,8.154818109,11.85759229,10.35314683,10.90914305,11.51422091,14.59566543,8.566054038,12.75968017,9.782998209,11.50233458,11.34096276,9.967226259,11.3089078,10.28308835,11.00842862,9.556506055,11.30378075,14.03608774,10.81858218,12.33873638,9.965784285,11.92369888,14.45372076,8.906890596,8.717676423,10.23242093,10.34318572,10.32080055,11.94580958,12.27525154,10.51175265,13.62570884,8.918863237,9.968666793,9.894817763,10.30833903,9.933690655,9.864186145,9.686500527,11.63753055,10.22037833
ENSG00000109956.11,11.11178774,9.769837844,10.68123841,8.836050355,11.66222331,10.92109709,12.21492619,10.66266838,8.049848549,8.098032083,10.63026713,10.5574637,13.08630212,12.82833486,10.02652344,11.01122726,8.744833837,10.4314976,6.894817763,12.30178196,11.44501485,9.675957033,11.47319838,12.69457554,9.033423002,12.09407769,11.75154406,8.426264755,11.75655632,9.326429487,10.09539702,10.712527,10.04302728,9.759888183,7.312882955,9.607330314,10.75321675,11.74735383,11.94251451,11.04916787,6.375039431,9.030667136,9.370687407,11.34817487,9.583082768,11.14529533,11.92629599,12.16835873,9.988684687,10.05392588,9.899356923,9.121533517,10.24792751,7.965784285,4.087462841,9.537218401,9.933690655,12.16176174,11.17367714,9.257387843,8.169925001,12.50133962,11.70303839,12.18084157
ENSG00000113296.13,11.80735492,10.22158712,10.05392588,8.957102042,13.75624357,8.968666793,12.12444446,11.21492619,13.06356361,10.20701432,10.97799537,11.64610864,10.05120894,9.390168956,8.721099189,12.88302507,10.215533,10.29691621,9.967226259,13.09193119,10.85330956,11.79968636,11.4314976,11.59944798,10.36413466,12.19383333,11.46352437,14.67308819,12.94251451,8.243173983,9.942514505,9.761551232,8.661778098,10.04575966,7.622051819,9.971543554,11.43879185,10.98441846,9.469641817,13.39030333,8.592457037,12.30178196,9.758223215,11.30435132,10.34983409,14.8917837,5.523561956,12.21188829,11.77272695,12.62159404,12.28742381,12.27175481,10.18363538,8.791162889,5.906890596,10.96794671,10.66888498,9.876516947,9.818582177,11.03066714,11.20273604,13.47725232,11.43671154,8.413627929
ENSG00000114631.10,12.70649602,10.08081753,12.81838246,11.43045255,12.39499851,12.13955135,12.73322722,12.31967212,12.74840253,11.90463462,11.94214792,12.18394547,12.63617144,13.86341196,11.55506839,12.83762793,11.76113565,13.56450678,11.44086917,12.89026428,13.08447624,12.85720347,12.69740201,13.76456063,11.80372753,12.88015746,13.22022716,13.0086037,10.99576715,12.39473063,11.78953364,13.21598794,11.2997804,12.09737377,12.24168529,12.74230944,11.52307183,12.82376528,13.60547952,13.08895383,8.672425342,13.43879185,13.23720996,13.64936846,11.10525378,11.54496443,13.25753517,14.0173304,12.69870467,13.56759963,12.07547915,13.18006454,13.02375435,7.055282436,8.768184325,12.79258697,12.19905882,11.41415668,12.38370429,13.1049263,12.82615121,12.37748169,13.05307739,13.90839262
ENSG00000114790.11,12.56009396,10.46964182,11.59525748,11.78912605,12.2485206,11.28828934,12.54858112,11.06944977,12.85662005,11.58261245,12.60316268,13.05612963,12.25532369,12.52135506,10.26795708,11.90914305,10.36850646,12.55194853,13.25797706,12.73110685,12.66755511,12.82972274,11.94690627,12.42259043,11.32080055,12.67154107,12.605711,12.66755511,10.98013958,13.59793615,10.75988818,11.71681946,10.96722626,11.91139199,13.58930003,12.05663772,11.65060302,11.83407595,12.93866071,12.02963233,9.554588852,12.93498083,12.18239435,13.91026796,11.11439305,10.97154355,12.45635442,12.92128309,11.48431942,8.675957033,12.18084157,12.68825031,12.79218023,10.29232163,9.693486957,11.51914479,13.56641086,13.19152194,11.62844554,12.18611424,12.85856386,11.43462823,12.90463462,12.35149141
ENSG00000115380.17,9.375039431,13.02496648,11.54061241,10.15355203,11.15481811,10.84549005,9.906890596,13.22565934,11.01262454,12.12928302,9.622051819,10.38478375,11.79766153,9.659995892,12.63458419,12.4714212,12.49060021,10.03066714,10.93147623,10.3858624,8.483815777,10.43567026,10.74399286,8.971543554,12.19229281,10.97154355,11.06339508,12.01959073,10.94251451,10.13185696,13.21051915,9.438791853,12.62707784,11.81698362,11.41785251,11.13185696,11.34318572,11.88988417,10.69870467,11.03617361,12.17274002,11.04712391,11.51865316,11.72024426,12.86011703,14.01515367,10.4655664,8.744833837,11.59011917,10.82416321,11.12928302,11.51914479,11.994707,11.36249181,13.49310489,8.144658243,11.49335512,10.46454575,9.86727874,9.682994584,12.46811489,10.17741954,12.43514934,10.12023788
ENSG00000115963.12,8.903881846,12.04712391,10.215533,10.10983065,11.13121391,10.50581155,10.14465824,12.0202855,11.2708793,10.906139,9.022367813,9.008428622,9.746514321,8.071462363,11.42836017,10.25029842,11.33427329,9.980139578,11.02444712,9.375039431,7.924812504,10.21674586,11.25974326,7.741466986,11.68562484,10.39981196,9.884170519,10.53235593,11.74986943,7.826548487,11.79928162,8.438791853,10.8917837,10.55074679,9.926295995,10.16239133,10.06743436,10.56128795,8.826548487,11.33427329,11.86843676,9.988684687,10.5526691,10.2467406,11.43045255,12.10099078,9.601770788,7.794415866,10.44086917,9.459431619,9.864186145,10.97727992,11.24436384,10.27612441,11.41151099,6.584962501,11.06272077,8.375039431,10.2227949,8.247927513,9.285402219,9.060695932,10.98726401,9.419960178
ENSG00000120885.18,12.65754176,15.6642806,14.97396637,13.72834571,14.33525077,14.452563,12.77231457,15.86069903,14.10770748,14.53314719,11.56319627,14.34575174,13.01489224,13.77971936,15.37903986,14.00483492,14.99399979,14.96533337,12.90839262,13.08630212,12.24703742,14.03325091,13.88159198,13.92016674,15.19879033,13.16710448,13.66489167,14.59549061,15.41504851,13.48419353,15.53982522,12.54037024,14.91611272,14.85720347,13.55470875,14.23489226,13.59397462,14.45320632,12.56534013,13.89064428,19.45167597,13.78391905,15.7740921,13.99249583,14.20556418,16.95205868,12.36276574,12.81016994,13.9309221,13.93230704,13.72632461,14.21636695,14.6973477,11.95782756,19.26050381,13.30961846,13.75279876,12.97566887,12.76404222,12.95073814,12.48909532,13.32727194,14.88140079,13.92972074
ENSG00000124212.5,10.2179577,11.94800213,11.93110683,10.12799432,11.51668495,11.69479315,9.266786541,12.07981809,10.77148947,11.68079903,8.348728154,9.202123824,9.348728154,10.86959384,12.31995431,10.54206454,11.55506839,10.1382718,9.038918989,9.850186838,8.836050355,10.11634396,10.19721669,8.754887502,10.37503943,9.932214752,11.39981196,11.4767462,11.98619759,8.658211483,11.42311591,8.204571144,11.16490693,11.58072965,9.216745858,10.64745843,9.915879379,11.44449729,9.599912842,10.65374078,10.65910396,10.09539702,11.32867493,10.82017896,10.87574935,13.45879108,8.951284715,9.438791853,9.813781191,10.30492167,9.874981348,11.65731845,10.71938882,11.00492268,8.87036472,7.6794801,8.912889336,8.54303182,8.980139578,8.758223215,9.873444113,10.55554777,11.1792871,9.864186145
ENSG00000124664.9,15.70932618,13.54049133,15.13759158,14.43475852,14.71767642,15.28283505,15.20250649,15.3690861,15.92729186,14.66016307,14.33908448,15.33259606,14.76523429,16.15691261,15.21856324,15.48359538,15.40341153,16.71479555,14.52239763,15.02933037,15.23933747,16.006852,14.74892659,16.04795462,14.23242093,15.46115967,15.81257844,16.2491505,15.28243691,15.31624617,15.04024691,15.30563429,15.14974712,14.57181189,15.20487677,14.95819018,15.05761104,14.9686218,15.31596326,15.71904115,6.977279923,15.98555291,15.74138798,15.444109,14.28496865,15.11117643,15.15117514,15.92664347,14.88959902,15.59496602,14.57961058,15.1204404,16.08810498,8.475733431,6.977279923,15.13185696,14.88602994,14.882452,15.08414401,14.97629561,15.67661826,14.73444502,15.33179169,16.59417879
ENSG00000124839.11,11.51274046,8.647458426,10.42626475,9.995767151,11.46811489,10.43045255,11.12412131,9.945443836,10.34983409,9.640244936,10.16239133,10.95637616,10.9068906,11.4003458,9.071462363,10.96144969,8.751544059,11.98370619,10.58120058,10.71681946,11.19967234,11.72621816,11.82296909,12.17367714,9.927777962,11.33594857,10.67595703,12.04984855,11.55362929,10.74230944,9.501837185,10.96578428,10.30606169,10.32192809,11.15797845,9.980139578,10.70217269,10.94104761,10.99647349,11.15545073,11.07748336,11.90275194,11.09934781,11.51471405,9.339850003,10.34207467,11.03066714,11.64790807,10.78953364,10.41679753,10.033423,9.951284715,11.25029842,6.794415866,11.59572369,11.34429591,11.63390341,10.83289001,11.27670602,10.87498135,10.50581155,11.77519873,11.75321675,11.97477307
ENSG00000125257.12,14.73645478,13.27656064,14.50077965,12.76030413,14.32403987,14.73571467,15.95578611,14.76751204,15.70054809,13.59584022,15.75520055,15.68570696,15.34242196,16.41501549,14.06010482,15.73671902,14.09027786,14.36673201,14.21704891,15.73359796,14.99258434,15.36837004,14.19075065,16.03451958,12.9918761,15.26905361,15.45397792,17.54262383,14.02643699,17.00126524,14.8314557,14.54145966,13.87132774,15.48636368,16.38034268,15.27354066,14.41164339,15.85535517,16.35586724,16.45246648,10.84862294,17.03771853,14.64250303,14.83016855,14.17227123,14.35321576,15.89626144,16.01711288,15.12084535,14.82878111,15.02924408,14.97468346,16.14938989,13.45056691,9.654636029,13.45853478,16.98488569,15.23638798,15.3208358,15.01380245,15.33112688,15.07267695,16.77465839,15.58223021
ENSG00000125968.8,9.027905997,13.4812949,11.46709603,11.78871833,12.32951607,10.87498135,9.285402219,12.94178124,10.15228484,9.221587121,7.276124405,9.019590728,9.28077077,9.103287808,11.37123213,11.15608308,10.99859043,12.87344411,8.764871591,10.69696753,6.426264755,10.65642486,12.78238399,7.330916878,13.71853288,10.31628153,10.08214904,10.97799537,10.24079133,8.247927513,13.15687312,10.05799172,10.509775,11.05256805,11.97405602,9.588714636,11.45840661,11.2644426,9.063395081,11.14210706,13.04336911,9.586839788,11.58308277,10.04302728,12.80110206,11.45789384,9.016808288,8.50779464,11.26268214,9.407267764,10.39981196,10.06743436,13.67242534,8.727920455,14.44592013,9.457380879,11.33315535,10.23601419,10.44501485,9.381542951,9.763212367,9.525520809,11.09737377,10.36741475
ENSG00000127241.15,9.548821908,12.72962074,10.87036472,8.982993575,11.48733762,10.54978467,10.14465824,13.35383602,9.885696373,11.70043972,8.693486957,9.381542951,10.51668495,8.982993575,12.53673289,11.53138146,12.48809118,9.804131021,9.116343961,8.74819285,7.022367813,9.231221181,10.23840474,8.64385619,12.74104558,10.27029533,10.70908381,11.97405602,10.58871464,7.6794801,13.30006651,8.787902559,11.47269084,11.67242534,9.707359132,11.169925,10.26091953,10.46760555,8.948367232,10.31061278,9.968666793,10.12670447,10.92629599,11.64745843,11.35314683,14.14529533,10.72109919,9.566054038,9.250298418,9.862637358,11.20701432,10.54303182,12.57601187,11.23720996,10.61194694,7.285402219,8.651051691,9.573647187,8.475733431,8.434628228,9.321928095,10.23361968,13.28250931,10.57459353
ENSG00000128591.14,11.36741475,14.99307106,14.88426593,12.15955603,13.03514275,14.82316818,12.05629901,15.12315143,13.76113565,14.09696217,10.47775827,11.40832974,11.91737208,13.75039296,14.86079601,12.92907344,14.72999241,12.86920825,10.97871046,11.64069684,9.09011242,12.20028561,12.5526691,11.53089398,14.26165422,12.41917017,14.26304908,14.94813905,15.24766796,10.31514956,14.24168529,10.17866485,13.63934071,14.26282893,11.24198315,13.60860136,12.01087772,14.83239558,12.37368083,13.32192809,14.93272226,13.10885112,13.46620395,13.63310875,12.88493365,15.89460464,11.72792045,11.57080444,11.55314928,13.32037749,13.21856324,13.77365436,13.51471405,11.42048661,13.92999806,10.70994538,11.25856603,11.22219114,13.75801496,11.04507705,10.88034881,13.11699368,14.86089298,12.05663772
ENSG00000129514.5,14.54303182,13.55242895,14.38828642,13.00422047,14.47269084,14.20457114,14.88769661,14.806902,13.90529298,14.28011828,14.2809882,14.57388383,14.84925848,14.90524596,14.12734954,14.70498432,14.30663136,13.80483687,13.6259371,15.30303153,14.24101487,14.26949198,14.54725605,15.29634268,14.29677285,14.61021744,14.79314604,15.47646143,13.97468346,14.91040851,14.60507434,14.35107726,13.18797059,14.19775422,15.02552891,14.41144478,13.92119009,15.0540107,14.70395763,15.02803554,5.930737338,15.1179677,13.47154821,15.83848994,14.23982225,13.78330522,15.2377328,15.40114618,14.12759137,14.6807441,13.96325736,14.62313847,14.882452,12.3818133,7.754887502,12.41018632,15.30602608,14.29899332,14.67220432,13.8864587,15.16875046,14.36201229,14.80276877,14.40101282
ENSG00000130176.6,13.24703742,14.89424936,15.62365291,14.1545808,13.99647349,14.93824719,12.74504401,15.69639707,15.12137163,14.79826927,11.51569984,12.74104558,12.25384748,14.87776342,15.73537092,14.17250564,15.17453563,14.78238399,11.44553222,12.35617683,10.98013958,14.37361287,13.91092375,12.22941969,14.8689672,13.68977963,14.65060302,14.8289794,14.46314117,10.63481105,15.25081653,12.60455323,14.4177866,15.39449619,12.14688684,14.19652529,12.79299359,15.28558283,12.80755618,14.22045391,15.57441614,13.83506349,15.37473386,13.55494852,14.66516934,16.54185286,11.87459719,11.69740201,12.71960273,14.2905229,13.91559933,14.59502432,14.49335512,12.05222839,14.83229668,12.80110206,12.08015131,12.81097322,13.87622915,13.18363538,12.24347154,13.96262493,14.85657142,14.14043039
ENSG00000130203.8,14.35748328,10.42311591,10.73978061,10.92332749,12.99382294,9.873444113,9.483815777,9.804131021,12.87440508,11.78299821,9.95419631,13.60269887,11.72749507,11.77355135,9.705632387,10.906139,9.453270634,13.78176951,13.45172627,13.00509818,11.72408746,13.2875681,11.95274125,11.55362929,11.71381608,12.23750875,10.5574637,11.55506839,11.84784036,12.85972889,11.52503135,11.35149141,16.03043006,13.1155314,13.04319821,11.94873224,12.54978467,11.28135051,12.24881706,13.18951573,9.259743264,14.23862865,13.88445674,12.25355206,11.77025093,14.195526,10.95201316,11.01541505,13.28352249,12.25620869,10.97584797,13.19414124,12.50407411,6.22881869,9.290018847,13.46569394,13.28699085,13.65653659,9.719388821,11.30149619,13.9275928,11.2708793,10.66266838,12.65127597
ENSG00000130513.6,15.2387779,12.21704891,14.25222191,11.83447105,13.32656993,13.13024878,13.42350989,13.46467337,11.77272695,13.9562854,13.51828432,17.76244044,13.76279726,14.61574457,10.23242093,12.49810124,9.584962501,15.89081051,11.91849059,16.10193465,13.70574037,14.47503674,13.76932132,13.61160121,13.36550227,15.29390267,14.75509621,12.89727825,14.99942753,11.51076417,12.96163056,14.41461918,11.75530489,13.20441831,13.51963625,15.20373035,15.76813262,12.93055255,13.36986994,15.57890334,9.813781191,14.55290921,14.10934097,12.59105477,12.20120501,12.98637538,13.59128858,14.34061512,14.40633789,15.82212266,13.24198315,13.45584091,15.08659239,7.54689446,9.686500527,14.20907254,14.39332342,17.53215043,14.39627029,14.76906299,12.85116341,15.73214092,12.65127597,16.6630438
ENSG00000130529.14,15.54547735,13.25679839,14.42436315,14.09934781,14.25399517,14.47478331,13.92629599,14.19829156,14.93369065,14.56498304,12.88683971,14.30178196,13.33287573,15.33042675,13.26561505,14.40267901,13.68715694,16.83219777,13.34941946,15.3835693,15.64734599,15.64072508,14.62039167,15.37717663,13.88140079,15.88981289,14.76238204,15.5385224,14.24131287,14.26642055,13.44216597,14.42587152,14.25266543,14.55889898,14.90909616,14.98441846,14.70590233,14.05731488,14.67319864,15.37520917,10.57270023,15.88731583,15.33242123,15.74249366,13.04729435,13.30990262,13.7827935,15.59444125,14.71885391,14.14449893,14.22437858,14.92583257,15.14382163,10.08613623,11.59758704,15.34814028,15.58871464,15.64258764,14.02193425,15.27160892,14.27605169,14.85106579,14.40087944,15.82142522
ENSG00000130768.13,11.62798978,7.672425342,10.37503943,9.335390355,10.09407769,9.936637939,11.29634268,9.826548487,9.707359132,9.22881869,9.52160044,8.994353437,10.77643303,11.76942464,8.54303182,10.67330908,8.285402219,11.39606956,9.060695932,11.09803208,10.77889848,10.73470962,10.2772874,9.967226259,9.927777962,11.08214904,10.48683502,12.95982086,10.91587938,9.881113961,9.672425342,11.07614753,9.789533645,9.688250309,10.13057056,10.1176431,10.24792751,10.32305476,10.98655315,11.15671514,7.257387843,11.42259043,10.13570929,9.527477006,8.784634846,10.86418614,10.89708913,12.48683502,10.33650656,10.74986943,9.86727874,10.92332749,10.79116289,5.491853096,7.294620749,10.91886324,10.50382574,7.483815777,10.67065625,10.48280796,10.14974712,11.17804233,10.9225844,11.46862404
ENSG00000131620.16,10.68474862,11.1176431,11.26209485,9.164906927,11.215533,10.97154355,9.278449458,11.9505559,10.34651373,9.99859043,8.596189756,9.970105891,9.68474862,9.438791853,11.1401907,11.7874945,11.72834571,9.022367813,9.64385619,10.20701432,9.17990909,9.586839788,10.20212382,9.47370575,11.81738343,10.10852446,10.81217731,10.63753055,10.03891899,9.523561956,11.81177606,8.768184325,10.67065625,10.75405237,9.4325419,9.782998209,9.385862401,11.25856603,9.499845887,10.74399286,15.76308266,10.20579325,9.355351096,11.29347165,11.15671514,11.68999797,8.413627929,9.262094845,9.893301531,9.865733271,10.20212382,9.560332834,11.81097322,9.939579214,15.90745404,7.0,10.16364968,9.588714636,9.426264755,8.668884984,8.891783703,9.964340868,10.89405985,8.139551352
ENSG00000132821.10,12.28308835,9.136991112,11.27612441,11.02652344,11.97405602,11.00492268,12.08248173,10.92777796,8.499845887,10.46352437,10.30833903,10.48884435,12.12250448,13.65676002,10.41256985,11.36029843,9.743151394,12.15196787,10.09275714,14.84446059,11.75947212,13.23182118,11.55362929,14.67832504,11.47725232,12.02652344,12.83999107,13.80534083,10.95128471,10.5137276,10.08613623,12.75718163,10.29806257,12.38505349,10.52943055,12.8837888,8.622051819,10.81698362,10.07815081,12.00702727,13.25900761,13.11178774,12.37666806,14.14561378,10.65999589,9.471675214,13.08364553,14.37225293,10.71080643,11.65105169,11.20823436,9.688250309,10.98726401,5.247927513,12.51619248,14.69577203,10.58402294,12.22520744,12.14370208,11.62296694,13.09852562,13.01576349,10.74146699,13.81558343
ENSG00000133392.15,15.20246823,17.99161042,18.68560089,16.43840202,17.15161119,18.12710767,16.08094241,18.83198446,17.70836994,18.06187743,14.31571566,14.60014522,15.02475011,17.80680762,18.62953806,17.14907229,18.34408348,15.93179938,14.87502936,15.18033655,13.48620653,16.40866145,16.39288757,14.95219522,17.54697733,16.36666372,18.08234139,18.21375925,16.60404641,14.01967759,17.74282256,14.58255365,17.31959275,17.91264378,14.99779694,16.88071948,15.57468221,18.71147541,16.21602585,17.08609475,18.95015717,17.03264845,16.7833308,16.81659621,16.96644912,19.09668685,14.47535346,14.99479537,15.45375291,17.20813908,16.73290936,17.45005939,17.10187311,16.88461175,17.23221479,14.15608308,15.4491164,14.53812829,16.43702053,14.97432496,14.53903761,16.67067008,18.1148607,15.05706098
ENSG00000134138.18,9.980139578,12.11894107,11.55074679,10.73893668,11.31174832,11.64880695,10.1382718,12.77252078,10.36084708,11.32474311,8.451211112,8.317412614,10.30378075,10.14338321,12.07781712,12.11731843,12.35149141,10.13955135,8.73470962,9.113742166,8.515699838,10.97441459,10.63753055,8.294620749,11.97369737,10.37503943,11.27786855,11.14338321,10.35974956,7.076815597,12.21036695,9.147204925,11.24614677,11.23840474,10.13955135,10.55458885,9.978710459,12.04712391,10.19721669,10.95710204,10.36741475,10.85330956,10.69783636,10.53138146,11.41679753,12.12185725,8.703903573,8.997179481,10.80735492,10.58683979,10.56795608,9.144658243,11.97656412,11.36686859,8.921840937,7.417852515,10.76735685,8.64385619,10.10590851,9.008428622,8.965784285,9.434628228,11.16616308,8.353146825
ENSG00000134202.9,9.625708843,11.89557528,11.73428623,11.31061278,10.70217269,11.54399845,10.47978026,13.10541749,10.16867212,10.88722062,9.381542951,11.01471793,11.09803208,11.24792751,12.91363743,12.80251637,12.96000193,11.9690267,9.335390355,10.27262978,9.20701432,11.13891172,11.34485068,8.640244936,11.61608931,11.64340528,11.16741815,10.84784036,11.06137119,10.56890615,12.9130764,10.32755264,11.69043456,11.00422047,12.24019505,10.97226185,11.87805091,12.18146288,9.651051691,11.4152136,13.89689998,12.17523765,11.36741475,10.5849625,12.89462832,12.77684423,9.854868383,10.46658634,10.75988818,10.96506276,11.26091953,11.32361776,12.79461893,10.39767463,15.93251467,9.675957033,11.57080444,10.84392105,10.65463603,10.67595703,10.45121111,10.39660478,11.66444728,11.24019505
ENSG00000135052.15,13.97468346,13.79745889,15.21196432,14.70757483,15.68904248,15.14370208,15.74144065,15.37527705,13.97028568,16.02234614,14.8295741,14.68660995,16.11105414,18.11297903,14.16349244,15.07129475,13.48469704,15.49113282,14.23174619,17.60883956,12.75718163,15.65921548,15.29005486,16.02505303,15.06961759,15.91099399,16.87751181,17.35709662,15.54179238,14.45037359,14.32432121,15.20743382,13.49597991,15.3279736,16.60172727,16.12620031,15.82204795,16.49346458,17.13063089,15.94402568,11.78912605,17.80555496,16.3072186,14.70173964,14.21916852,14.63775695,15.93679895,16.38832006,15.60718581,17.09887511,15.17320865,15.95492329,16.45426716,12.41626974,10.50680344,15.21242039,15.939143,15.13663071,16.16730053,15.3262188,17.25565563,16.09352073,14.74273048,17.10044676
ENSG00000135480.13,8.471675214,12.76570049,9.882643049,11.67286728,12.14720492,11.88760142,10.59245704,12.84705735,11.23959853,8.991521846,7.569855608,8.918863237,9.721099189,5.727920455,9.142107057,12.29777606,11.42992974,13.89888476,10.16867212,8.87036472,5.977279923,10.97513146,13.2772874,7.0,13.55554777,11.5674808,9.914385132,10.66533592,9.856425529,6.044394119,12.76611476,8.596189756,9.900866808,11.85330956,10.61930296,9.56414949,10.42206477,10.45943162,9.142107057,13.36413466,15.25698262,10.93737382,9.266786541,10.36741475,11.75530489,5.930737338,6.741466986,8.810571635,12.35176744,10.43567026,10.99576715,7.209453366,12.31854281,8.781359714,15.25856603,10.66977089,12.24168529,8.483815777,10.59991284,10.42940674,7.820178962,6.129283017,9.688250309,8.965784285
ENSG00000135929.7,9.436711542,11.61470984,11.80211242,11.14402087,10.88798213,12.19383333,9.569855608,13.52307183,9.977279923,13.19614103,7.459431619,9.33315535,9.663558104,12.20304206,12.83526092,11.60316268,12.77334529,12.10459875,9.652844973,12.68825031,7.375039431,11.70692764,10.74146699,8.366322214,12.04746477,10.64385619,11.83407595,12.16741815,14.14386148,8.707359132,12.6708775,10.43358544,12.22460468,11.24019505,11.1176431,12.96307669,11.01471793,11.5137276,11.06810648,11.13506795,12.19198451,10.48884435,13.75509621,10.24079133,13.00877875,13.5282099,8.592457037,12.36166968,10.89557528,9.764871591,9.273795599,9.908392621,12.43019117,8.294620749,13.14449893,9.888743249,11.62159404,8.038918989,11.07748336,9.622051819,9.292321633,8.804131021,10.37177664,9.535275377
ENSG00000137699.15,8.625708843,13.99867857,12.40327838,11.93774162,12.01297365,12.72045804,10.99223026,13.99691477,11.19721669,11.55026581,8.693486957,8.129283017,11.3392933,8.164906927,13.06373212,13.4767462,13.60698347,12.72706956,9.21916852,7.285402219,4.64385619,11.09341756,12.20487677,6.857980995,13.90998681,11.76694294,11.55889898,10.44914865,10.2227949,3.321928095,13.28279886,9.943979914,12.14688684,12.14210706,11.51175265,10.83051521,11.10852446,12.16396409,11.03479896,11.73935871,12.67970001,11.73174329,11.42416629,10.79522797,12.74083483,7.21916852,7.366322214,9.601770788,12.3777528,10.77807713,11.66444728,7.930737338,13.66744423,10.14210706,12.2903069,9.654636029,12.17461365,7.599912842,11.58730873,10.96144969,7.636624621,6.459431619,11.06676193,9.224001674
ENSG00000138028.13,11.39767463,6.768184325,10.46352437,9.342074668,10.04575966,9.882643049,11.34096276,8.968666793,9.962896005,9.710806434,9.729620744,9.652844973,11.3553511,11.31118066,9.647458426,10.63026713,9.407267764,11.54351522,10.71166697,10.03066714,11.1842555,11.49835061,10.49984589,11.45327063,9.592457037,11.48331195,10.35645197,12.32979634,9.434628228,12.1959873,10.24911345,10.45840661,10.15228484,9.799281622,9.092757141,10.19721669,11.2974895,10.9505559,12.52135506,10.79603961,5.807354922,11.26678654,9.25502857,11.35974956,9.348728154,10.32192809,11.34429591,11.71338651,10.29347165,11.08613623,10.38154295,10.96361862,11.26091953,6.686500527,6.845490051,11.08679969,9.197216693,10.666224,10.19721669,10.81378119,11.43827206,10.28193003,10.55554777,10.62479546
ENSG00000139865.15,10.95492329,10.26561505,10.81378119,10.80332392,10.64745843,10.04984855,10.3376219,11.57742883,10.46964182,9.915879379,9.87958325,11.10656294,11.23541594,11.07948478,10.87651695,11.62753388,10.66711154,10.26209485,10.38909352,10.26209485,10.91363743,10.44501485,10.39660478,11.17866485,10.48582931,10.05934446,10.54978467,11.35149141,11.11439305,11.08878824,10.67507492,10.55842071,10.08746284,10.77561028,11.1792871,9.77148947,9.463524373,11.36796071,10.56700537,10.72195361,2.807354922,11.20701432,8.918863237,10.72536626,10.34096276,10.35645197,10.96866679,10.62205182,10.06069593,10.04302728,10.49785184,9.625708843,11.47370575,11.10263189,4.0,8.636624621,11.48733762,10.666224,10.7903485,10.04028972,10.18115226,10.92629599,11.39553414,10.14974712
ENSG00000139926.14,9.224001674,12.41996018,11.74104558,10.10590851,11.27670602,11.5526691,10.59898297,12.46582146,10.87113518,11.47471995,8.957102042,9.654636029,10.53040634,10.72451385,12.08878824,11.88455213,11.89330153,9.675957033,9.562242424,9.033423002,7.266786541,10.14338321,10.80735492,9.469641817,11.66266838,10.27262978,11.23182118,11.68255574,10.56319627,8.535275377,12.09044328,8.73809226,11.62067804,11.25856603,10.37829486,10.04302728,9.438791853,11.64700864,10.40514146,10.62570884,11.92962828,10.70390357,10.97584797,10.51569984,12.074476,12.25236977,10.31514956,9.192292814,10.13442632,10.11634396,10.48482289,9.978710459,11.26209485,10.4429435,11.06069593,6.918863237,10.91886324,7.845490051,10.56128795,8.566054038,9.30833903,9.982993575,11.90463462,9.632995197
ENSG00000141469.15,8.885696373,14.04789074,12.84450963,12.18735207,10.46454575,12.49085088,10.88034881,13.95855272,10.79603961,12.3278333,8.194756854,8.13442632,9.83447105,8.348728154,13.78647385,13.87728413,15.08601179,11.76155123,8.375039431,7.787902559,8.044394119,11.25856603,11.6110248,7.0,13.72280753,11.41785251,11.60640521,10.21674586,8.252665432,7.988684687,14.34124082,9.744833837,13.39057204,11.56843119,12.33706434,10.93737382,11.32811389,12.40832974,11.04712391,10.3858624,6.108524457,11.77602172,11.61378946,10.58590145,13.79998984,8.098032083,9.603626345,9.56414949,11.55218876,9.505811554,11.85992297,7.451211112,13.65597786,11.37991982,9.301496195,7.607330314,12.47116713,8.154818109,9.903881846,9.505811554,7.882643049,5.906890596,12.15069929,9.642051693
ENSG00000144481.15,15.08870544,13.99788513,14.07806739,14.62519513,12.86244364,13.56176526,14.3422136,14.20403615,10.10328781,12.56724311,14.35107726,15.36662957,13.07948478,15.6694941,12.2285181,14.62153681,12.02340784,11.88187871,12.61792656,16.0610547,13.9432474,15.88462368,15.33182668,16.40554038,13.92453418,13.97109444,15.55901852,14.86437963,13.8725787,15.69579921,14.32853469,13.34346334,12.8963324,14.70076481,15.82959887,14.44216597,11.2737956,14.72430067,15.59927362,13.14815877,5.044394119,16.43159554,14.94146032,15.26872474,13.00211178,13.62067804,15.52671318,15.40277893,13.24347154,16.0357227,13.02462026,12.52991853,16.00400095,12.50531536,6.409390936,14.07664861,15.78790256,15.02820825,13.64001893,14.93902818,13.96821678,14.34144933,14.24889116,14.62342429
ENSG00000145936.7,10.01262454,11.73301532,12.02236781,10.96144969,11.11504365,11.35974956,9.499845887,12.35093918,11.06810648,11.95383268,8.238404739,9.592457037,9.01402047,11.08281434,12.55098721,10.94617524,11.91026796,10.36303963,8.915879379,8.64385619,8.108524457,10.71596199,10.06608919,8.784634846,11.39392668,10.22400167,11.13891172,11.37612539,10.55650605,7.876516947,11.81418188,9.063395081,11.33259606,11.98263713,9.292321633,10.4655664,9.451211112,11.72366094,9.529430554,10.62479546,12.16898544,10.52258153,11.63617144,10.30833903,11.06743436,13.14974712,8.511752654,8.330916878,9.554588852,10.77231457,10.12670447,10.83368075,11.04302728,10.53138146,10.75321675,9.022367813,9.37721053,9.447083226,9.453270634,9.052568051,9.105908509,10.26209485,11.44501485,10.06608919
ENSG00000146070.15,9.620219826,9.523561956,11.44966454,9.381542951,11.73978061,9.303780748,13.5144675,11.05596023,11.08015131,8.252665432,11.01262454,10.41256985,11.37340896,13.25429051,10.83289001,11.96144969,10.11374217,8.751544059,9.990103964,14.11983275,10.37503943,10.66444728,13.26707927,12.44320258,10.37177664,10.8494051,11.88187871,13.47078596,8.409390936,11.50630758,11.12023788,12.14752294,10.50581155,10.76155123,10.83762793,10.12282799,10.6926155,11.36796071,10.79766153,9.984418459,9.497851837,10.96506276,10.7984718,9.211888295,10.63662462,9.50779464,13.58613609,12.8535045,9.665335917,11.16176174,8.903881846,10.88264305,10.61654884,8.672425342,7.199672345,10.56510208,11.52160044,10.00422047,11.78912605,9.611024797,9.805743872,13.06255214,13.16412127,12.71295682
ENSG00000146555.17,12.33427329,9.878050913,10.666224,8.857980995,11.23122118,10.17367714,12.19352536,10.03204573,13.7412563,10.87267488,12.87209769,10.95346896,11.06743436,14.22769114,10.11504365,11.16804527,9.197216693,11.24376903,8.566054038,12.93055255,11.76942464,10.5849625,12.48683502,13.60351044,9.245552706,10.69174352,13.62719187,14.63254088,9.428360173,13.11195071,8.982993575,13.21280033,9.967226259,9.259743264,13.93046015,10.86959384,9.751544059,13.29791932,11.7198166,12.29260922,12.0950673,12.47623991,11.20089861,10.73809226,8.596189756,10.17866485,12.75676479,13.60281483,9.861086906,12.07781712,10.65015421,12.44604941,9.826548487,7.960001932,11.34429591,12.60779264,10.9225844,7.768184325,12.29806257,9.419960178,13.00369358,10.95128471,14.64131797,13.05579081
ENSG00000147394.17,9.285402219,11.73470962,11.83802206,9.968666793,11.00772811,11.75321675,9.818582177,12.4325419,11.44914865,10.62113611,8.577428828,9.501837185,9.965784285,11.7368247,11.49635449,11.9854862,11.7903485,10.73809226,8.6794801,8.897845456,7.442943496,10.6411486,11.03891899,9.35974956,11.54978467,10.15608308,11.81498294,10.82097669,10.14720492,10.07948478,12.17897601,8.936637939,10.61010206,11.21613956,9.436711542,10.42626475,9.390168956,12.24049322,9.930737338,11.52061868,14.87373247,10.91139199,10.01122726,9.905387005,11.38909352,11.41309898,7.930737338,10.14847658,10.16867212,10.47471995,10.63934071,10.41785251,11.22339841,9.554588852,14.46817854,8.027905997,10.93957921,7.807354922,10.712527,9.136991112,8.885696373,10.48482289,11.55937709,9.019590728
ENSG00000149150.7,11.4252159,9.519636253,11.79968636,11.28886607,12.01052811,11.71295682,13.06877828,11.58308277,11.67507492,11.37014248,10.90162116,11.88111396,12.55386924,12.9199806,11.41785251,12.35093918,11.07881795,13.61643397,9.495855027,11.50680344,14.10533564,13.27466934,11.75238065,12.98850718,10.76818432,12.95655766,12.61792656,14.10623576,12.39499851,11.2737956,11.2039597,12.85272456,12.26941893,11.7198166,12.27990072,11.4655664,12.54520583,11.98013958,12.90463462,12.0,9.236014192,12.49285462,11.61010206,13.53855271,10.95346896,11.39499851,11.96794671,13.43332463,12.1842555,12.40992124,10.98441846,12.20914871,12.73661333,8.405141463,7.754887502,12.5085376,11.70130646,11.88531506,11.91139199,12.18021998,11.33650656,12.71660514,13.15450169,13.20670915
ENSG00000149596.6,8.991521846,11.11829223,11.78504371,9.949826711,10.40726776,11.41256985,9.082149041,11.75697323,10.92035286,11.203348,8.087462841,8.622051819,8.447083226,11.19475685,12.33455263,10.50183718,11.57742883,10.45224124,8.417852515,8.668884984,7.055282436,10.09143539,9.558420713,8.495855027,10.83130724,9.73470962,11.37395266,11.54109662,11.73216743,8.0,11.15608308,7.906890596,10.47775827,11.58777752,7.960001932,9.991521846,9.105908509,11.67771964,9.103287808,10.34429591,11.85992297,10.11504365,11.52601011,10.26091953,10.37721053,12.6075615,7.942514505,8.098032083,8.781359714,10.71853288,10.10197567,10.80574387,10.32192809,8.768184325,10.72877085,8.797661526,8.50779464,8.535275377,9.172427509,8.689997971,8.233619677,10.43358544,11.13314221,9.804131021
ENSG00000151746.12,11.44035012,9.038918989,10.10852446,9.079484784,10.44604941,9.405141463,11.71553306,10.63753055,9.857980995,10.44914865,11.46352437,9.233619677,12.16679075,12.41098127,9.831307244,10.49085088,9.033423002,9.894817763,9.28077077,11.2911707,10.2632692,10.11504365,11.60084211,12.07280253,10.04302728,10.73640193,11.45994385,12.58120058,10.40194612,10.4325419,10.18115226,11.41837972,9.346513733,11.48280796,11.43879185,10.54303182,7.651051691,11.71938882,11.21735191,11.36303963,8.519636253,11.34151882,9.011227255,11.6183855,9.424166289,9.815383296,12.74462364,12.18394547,10.43671154,11.38478375,10.73047014,11.68255574,10.09671515,10.42626475,7.74819285,9.896332404,12.18146288,10.05934446,10.28193003,9.475733431,10.75988818,9.829722735,12.6144798,11.49034951
ENSG00000152137.5,10.28193003,12.64835758,13.32249154,11.56890615,11.37014248,12.92091107,10.75988818,13.78023217,12.44423844,12.6851868,8.918863237,10.01959073,10.31514956,12.31571566,14.13610998,12.17274002,13.39191483,11.42836017,9.346513733,9.714245518,8.451211112,11.85213933,11.68079903,9.575539247,12.7300455,11.19105921,12.51076417,12.71037597,13.35603924,8.562242424,13.10656294,9.611024797,12.215533,12.85953479,10.14847658,12.18115226,10.72109919,12.99964774,10.66266838,11.99116751,14.07547915,11.40194612,12.55961609,11.25561875,12.73025784,14.43156289,9.909893084,9.35974956,10.42940674,11.78994113,11.36468186,12.28800089,12.78053977,11.34429591,13.87026838,9.451211112,10.72280753,9.405141463,11.38963134,10.01959073,9.746514321,11.14784089,12.60802375,11.2772874
ENSG00000152503.8,10.83683936,9.283088353,11.06137119,11.02167404,11.15038197,10.46454575,10.93147623,10.1959873,11.67904019,11.30149619,9.799281622,11.4943556,11.39767463,11.42101286,10.21431912,11.39553414,10.68562484,11.62433855,10.26091953,11.80009099,10.29691621,11.59105477,11.51766939,11.95601308,10.65284497,11.5863707,11.79644526,12.57813678,11.70476824,12.81217731,10.53527538,10.87421293,10.57742883,11.22339841,11.92221272,11.28077077,10.65553072,11.33427329,11.30720081,10.7903485,7.491853096,12.48507456,11.25915477,12.66999228,10.55170826,11.26737193,11.11113567,12.26502894,11.03754695,11.35810171,10.61654884,11.58777752,12.27496047,9.700439718,7.118941073,10.46964182,12.25177826,12.01680829,12.16459272,11.32755264,12.04028972,11.11243951,12.12670447,11.25738784
ENSG00000152661.7,10.95419631,12.62525222,12.41600578,10.96866679,12.24555271,12.43019117,11.02236781,13.27466934,12.44397954,11.92407019,9.851749041,11.06137119,11.30777003,10.75988818,13.0175044,13.0164601,12.9076418,11.15924065,10.99576715,9.988684687,9.192292814,11.45789384,11.93073734,9.167418146,13.59607325,11.31684718,11.73470962,12.53746109,11.92962828,10.48984796,13.1401907,9.301496195,12.20884399,12.6588809,10.69696753,11.33873638,11.19105921,12.68101874,10.70043972,12.5526691,13.23974768,11.47421294,11.73343908,11.94982671,12.93055255,12.99823782,9.573647187,9.652844973,11.72366094,11.35920049,11.48028532,11.3089078,12.86727874,10.31628153,12.31118066,8.344295908,12.15797845,10.54882191,11.82017896,10.21067134,10.31628153,11.12023788,12.24347154,10.27146303
ENSG00000154330.11,10.56795608,13.58049413,14.00351791,11.73428623,11.98299357,13.32853469,11.27437815,14.32685077,12.54882191,13.6930513,9.37721053,9.769837844,11.00211178,12.7889222,14.49423058,12.96524317,14.18657855,13.21720042,10.07146236,10.09671515,8.14974712,12.4918531,11.91774501,10.22520744,13.10623576,12.07481046,13.4324114,13.32249154,12.49485558,9.252665432,13.75447,9.682994584,13.2701493,13.37164053,11.62296694,12.35507575,11.52747701,13.76123956,11.92814822,12.55961609,13.79593818,12.29949424,14.09498486,11.8004955,13.47256393,14.63787013,10.53624722,10.04439412,11.55506839,12.48255589,11.36850646,12.63934071,12.882452,12.02444712,12.42442876,10.59152235,11.38208359,9.596189756,11.17055104,10.23720996,10.69957245,11.52110964,13.48343793,12.17398937
ENSG00000157388.12,9.100662339,9.539158811,9.517669388,8.30833903,10.79279029,8.797661526,12.38640142,9.746514321,9.238404739,8.804131021,12.82257083,7.658211483,12.54930337,12.45121111,8.82336724,11.36850646,8.459431619,8.238404739,9.189824559,11.17305246,9.266786541,8.942514505,12.62753388,14.66494721,9.700439718,9.033423002,11.29404631,12.73851453,8.527477006,11.31741261,9.46760555,11.4252159,8.804131021,11.02236781,10.92999806,8.927777962,8.257387843,10.70130646,11.94434603,9.975847968,8.113742166,10.4767462,6.658211483,13.00755293,8.921840937,9.902375114,13.90209243,11.81698362,8.625708843,10.15608308,9.616548844,9.712527,9.912889336,10.16490693,8.326429487,8.768184325,9.491853096,10.41996018,11.49285462,8.717676423,10.50878516,12.27175481,12.79522797,10.24911345
ENSG00000157554.17,9.511752654,10.19229281,11.52991853,7.6794801,13.65306898,10.29576893,15.17383326,10.01262454,9.121533517,8.366322214,13.63163181,8.0,14.33580903,14.72776095,9.903881846,13.96749647,8.463524373,7.924812504,8.936637939,8.495855027,7.098032083,8.714245518,14.01087772,14.68458427,9.236014192,9.33315535,14.67766459,9.797661526,9.434628228,8.960001932,9.960001932,14.64880695,9.388017285,10.15101654,7.807354922,8.46760555,9.339850003,9.319672121,8.257387843,10.36084708,8.668884984,9.266786541,8.022367813,9.786269628,9.769837844,10.78463485,14.98098745,13.44281394,9.076815597,8.519636253,8.797661526,9.5980525,9.262094845,9.17990909,8.144658243,6.22881869,9.548821908,8.945443836,12.23780747,7.076815597,8.927777962,12.66977089,14.67683861,14.17554955
ENSG00000158106.11,11.04644195,9.791162889,10.26209485,9.861086906,10.58777752,9.390168956,9.782998209,9.964340868,11.22641219,9.383704292,10.81217731,10.52552081,10.21431912,11.29404631,9.199672345,11.15987134,9.787902559,12.53697567,11.44708323,10.9708249,11.20579325,10.07547915,10.74819285,12.10033382,10.3858624,10.63026713,10.09143539,11.19352536,9.670656249,11.80896417,9.105908509,11.9068906,11.89822347,11.16804527,10.97297979,10.29691621,9.2644426,10.03617361,10.96072599,10.16364968,10.04848687,10.87651695,9.592457037,9.060695932,8.21916852,10.48280796,10.53040634,11.22881869,10.91438513,10.34651373,11.12605912,12.17367714,10.94763694,3.459431619,10.68650053,10.29001885,11.07481046,10.59245704,10.02928723,10.42416629,9.682994584,10.97297979,9.303780748,11.73047014
ENSG00000158164.6,10.56033283,7.339850003,10.38801729,9.957102042,9.312882955,9.008428622,10.34872815,9.951284715,7.900866808,9.262094845,8.375039431,10.02236781,10.52454172,10.86727874,9.06608919,10.54978467,9.247927513,10.72109919,10.22400167,10.25974326,10.81137469,12.42311591,11.29001885,11.5863707,7.693486957,11.57553925,10.79197682,13.0390904,8.717676423,11.16302064,10.27029533,11.29347165,10.20579325,11.28250931,11.04234338,8.804131021,8.784634846,9.882643049,10.75321675,11.28366717,3.321928095,9.820178962,10.88493365,12.34401844,10.78135971,8.447083226,11.35038674,11.9432474,10.03204573,9.792790294,9.174925683,8.997179481,10.19844504,5.95419631,3.906890596,11.31797782,11.82575383,10.34096276,9.695228291,9.6794801,10.13314221,9.951284715,11.76279726,10.73640193
ENSG00000159182.4,12.86108691,8.370687407,12.55098721,12.95564991,11.96830679,10.29462075,13.05849915,11.8622499,9.674192268,12.08878824,10.34540525,12.65642486,13.8390069,13.11048331,12.10656294,12.28771238,11.08214904,13.06288938,11.75905594,11.93110683,10.6183855,13.30961846,11.23959853,11.75572215,10.50581155,12.94086414,12.69370474,13.21264837,10.68999797,2.321928095,11.50779464,13.52258153,10.50481899,12.41706135,12.18146288,11.77643303,9.792790294,12.16679075,12.39365859,10.79360331,1.584962501,12.23720996,12.52135506,10.52160044,12.13282101,11.22821744,12.97513146,12.40540742,11.67860014,11.62844554,11.97369737,10.9403136,11.83209885,6.988684687,3.169925001,14.05095397,12.04814625,12.25797706,11.4812949,10.9893945,8.209453366,13.09786753,12.98797452,12.69740201
ENSG00000159184.7,15.25613496,12.87977468,15.12747046,13.94854975,14.79776284,14.29512319,15.33960647,15.61700823,13.53855271,14.36406624,13.47192919,14.49866225,15.78143656,15.37289906,15.61111127,15.38005515,14.93216861,15.95911899,14.36830183,15.85028452,13.73788108,15.19437213,14.79004298,14.88993169,14.28944258,15.66261275,15.01367161,16.45744501,14.35342254,14.27765064,15.35480034,14.75535705,13.68485818,14.78545247,15.25129748,14.52037314,14.0891194,15.22370008,15.33842302,14.73460378,5.781359714,15.41801729,15.14974712,15.07230012,14.9353032,13.90435238,15.5896804,16.12636166,14.81928099,14.99740003,14.39540025,14.41725918,15.41646769,10.60177079,6.64385619,15.19537221,15.06284723,14.54399845,14.31493722,14.40627145,14.86887077,14.72845201,15.09151803,15.33063682
ENSG00000159263.14,10.99576715,6.129283017,11.38801729,10.59339112,11.69479315,12.45891921,12.27903014,9.577428828,11.16239133,11.42888355,11.53138146,11.91401133,11.70476824,13.33831855,10.23601419,12.23810614,7.839203788,10.74651432,11.93258387,12.33455263,10.65194861,12.06474276,12.15671514,13.57978733,11.10721708,11.31797782,12.74020239,13.45827844,11.68431031,12.49060021,8.413627929,12.36139553,11.24198315,11.47421294,12.73851453,12.35314683,11.19229281,12.47598669,12.03204573,11.74693414,6.044394119,13.05018877,10.79279029,12.90086681,9.881113961,9.607330314,11.53770375,11.99647349,12.85447883,12.47876962,11.04234338,12.64588355,12.57056729,10.64925618,6.022367813,8.689997971,12.78504371,11.9436137,12.38019047,11.37612539,12.37286506,11.57837269,12.63934071,12.29347165
ENSG00000159674.10,15.88510053,15.24358311,15.75311226,13.22052948,14.20051551,15.151413,12.72067179,14.43514934,15.30424436,14.67821499,16.15036213,16.19159904,14.50314248,14.39660478,15.62722037,16.00908504,15.71502355,18.4875653,13.12976598,18.1322286,14.10615396,15.44840673,14.84588203,17.56030298,14.85929212,17.29123366,16.8077574,16.18367415,14.00615073,15.97228429,16.51653107,14.19974902,16.08063018,16.84260815,17.22808589,15.80092517,17.38559281,13.39432871,17.57706734,15.07564627,8.982993575,17.72708951,17.12534284,11.89708913,13.46658634,16.42893261,17.66310636,18.53734734,17.18494312,18.52444224,16.76073294,18.02377601,15.95864333,9.761551232,8.511752654,17.16711429,16.96009246,15.80697749,16.04007563,17.24223442,16.95072675,14.52196843,14.66033022,12.84156435
ENSG00000160180.15,14.09127008,8.463524373,14.11113567,13.74273048,8.900866808,12.76839112,9.21916852,11.84077792,10.78708632,13.69577203,7.942514505,14.51107314,11.73851453,13.01384605,11.74146699,10.04028972,10.68999797,16.8847429,11.4655664,11.97477307,14.92221272,16.06168761,9.977279923,10.15987134,11.08148344,15.88343085,12.32192809,13.24911345,13.69978932,10.07146236,10.2179577,10.60177079,12.10623576,14.5829652,13.96884676,15.72885055,14.88703017,9.394462695,15.08841559,14.93815528,6.930737338,15.85043104,15.01789582,13.60478486,11.63934071,10.81698362,10.39016896,12.79461893,13.07363951,13.42678889,12.2903069,11.00632608,14.79543092,7.011227255,6.523561956,14.29799095,12.52625469,14.85223688,12.22188916,16.41065009,13.79309523,10.8273427,9.548821908,12.12282799
ENSG00000162614.17,9.533329732,11.37395266,11.63934071,9.68474862,11.19229281,10.60825482,9.499845887,12.04746477,10.53818893,11.53527538,9.290018847,9.808964175,9.517669388,10.83999107,12.66844183,11.0,11.77561028,8.603626345,9.330916878,9.252665432,8.471675214,10.02375435,9.929258409,9.071462363,11.2366122,10.25148241,10.97369737,11.75405237,12.45018025,8.882643049,11.91849059,8.027905997,10.99929539,11.53186878,9.240791332,10.67419227,9.620219826,11.5137276,9.46760555,10.59712143,11.91026796,10.24792751,10.81698362,10.97727992,10.93663794,13.60767707,9.221587121,8.842350343,9.283088353,10.43983088,10.4314976,11.28308835,10.73724734,11.56128795,11.06608919,7.22881869,9.815383296,9.25502857,9.442943496,8.707359132,9.424166289,10.54785851,12.3426303,9.370687407
ENSG00000163017.12,14.27656064,15.9685318,17.08883999,15.51954412,14.76906299,16.35228487,13.80906469,16.81861962,16.13470707,16.34739645,12.52747701,13.8637991,13.1401907,16.54244246,17.12920251,15.23537854,16.37495456,15.95233175,12.03617361,13.26091953,11.71467483,15.67386113,14.76160317,12.94196459,15.38370429,14.53509308,15.80461002,15.78046287,15.36279998,11.40620501,16.41473478,13.24079133,15.52160044,16.55074679,13.37340896,15.19567979,13.48871885,16.76749911,14.13482737,15.07259321,17.13644047,15.11768368,16.82267041,14.25900761,15.48334345,17.79222472,13.13891172,12.89197352,13.75290327,15.50376364,14.61591695,15.15117514,15.09259199,13.61861492,16.33198408,14.35514459,13.0610336,13.54737656,14.92383813,14.46448194,13.25606123,15.29910067,16.0927365,15.44436787
ENSG00000163431.12,11.80534083,14.35817041,14.14855602,12.43671154,13.52147776,13.57790084,11.92777796,14.79055214,13.28958667,13.93810933,10.67860014,11.35920049,11.41837972,13.22475539,14.77710117,13.05680704,14.12120972,12.58754314,11.52796564,11.30378075,10.09934781,12.37612539,12.30947635,11.36632221,13.29088282,12.41177578,13.48809118,14.30705847,13.23182118,10.49685378,14.25532369,10.84705735,13.47116713,13.99214173,11.53818893,12.82057788,11.92407019,13.98058589,11.72877085,12.75530489,14.2806258,12.66066448,13.51939054,13.17211493,13.52979655,15.34103228,11.25915477,11.033423,11.40779885,12.84058125,12.62935662,13.51803838,13.25827158,12.59781979,13.05018877,10.84627391,11.4372319,11.31854281,11.44449729,11.04780555,11.16113188,12.8273427,14.11902216,12.01297365
ENSG00000166206.12,10.78871833,8.511752654,9.794415866,9.199672345,10.53040634,10.16867212,12.00737773,10.27612441,10.86108691,9.820178962,10.83920379,4.807354922,11.99116751,11.99045857,10.76901132,11.57222651,10.17741954,8.721099189,10.09803208,12.8291281,9.733015322,9.060695932,11.30720081,11.41415668,9.816983623,8.768184325,11.55074679,12.63390341,7.700439718,9.240791332,9.796039609,10.51471405,7.686500527,6.820178962,9.121533517,6.882643049,10.04848687,11.94873224,10.17492568,10.12541347,7.321928095,11.25502857,6.807354922,12.33539035,9.908392621,11.29863541,11.82017896,12.26033152,10.27961058,10.62935662,9.805743872,8.832890014,11.15481811,9.098032083,7.658211483,9.440869168,9.499845887,9.214319121,10.68123841,8.28077077,10.09671515,10.79766153,10.56605404,11.6891244
ENSG00000166743.8,9.278449458,9.224001674,11.44449729,10.94982671,8.86727874,13.09687984,13.49934763,11.37558251,7.87036472,11.14402087,10.77725532,13.89443885,9.116343961,13.79085755,10.28540222,12.18394547,10.52943055,12.9909903,12.10033382,10.68562484,13.4478581,13.58425789,12.68584381,13.55782266,9.079484784,13.76497523,12.84568606,14.20983409,10.86882255,14.88783938,11.41151099,13.25959616,12.6163191,11.23900176,13.04780555,12.07614753,11.59944798,9.625708843,15.20135818,11.03686045,7.721099189,10.95419631,12.51545346,13.94927958,11.49785184,8.592457037,11.38424412,9.592457037,12.82972274,8.17990909,9.084808388,11.12799432,13.6906528,9.77148947,7.787902559,9.714245518,14.93833909,13.70520038,12.14210706,14.15971369,9.477758266,13.92555444,13.05985141,13.78637174
ENSG00000166840.12,12.63549141,8.108524457,11.50779464,10.84862294,8.487840034,11.55074679,12.79968636,9.693486957,9.782998209,9.847057346,11.79197682,12.85681455,11.59944798,14.00088028,9.960001932,13.03187348,9.751544059,11.29347165,10.47167521,13.60825482,12.56629193,12.58355293,11.96758653,13.97244137,10.35645197,10.29462075,12.76570049,12.76756377,10.12928302,12.84450963,10.57648435,12.46326892,11.56033283,11.83407595,13.55614677,11.09737377,9.571752644,11.89935692,13.46237446,12.18920683,2.807354922,13.14306428,12.16459272,12.36495538,10.30833903,11.8837888,10.88798213,13.28713519,11.39016896,12.39365859,11.53576138,12.19013332,12.69130733,9.789533645,5.0,11.16490693,11.14529533,12.67991988,11.09341756,11.99541385,11.47116713,12.5389164,12.78647385,13.57672053
ENSG00000167332.7,14.91340369,7.491853096,14.5599745,13.12007584,12.28742381,14.40347811,15.95057868,13.86011703,9.992938336,13.33203655,12.4714212,14.99594377,14.55002526,16.8928748,12.14210706,13.25355206,11.47725232,14.46135154,9.385862401,16.7074535,13.32685077,15.21977355,14.59531577,9.769837844,12.183015,15.12863881,15.34113656,14.79446664,15.38008898,10.23601419,13.20212382,15.2385167,10.52649924,15.23944936,15.54158066,14.56807487,10.85642553,15.02483666,16.77674144,16.63056576,6.044394119,16.40842926,12.4236412,16.78760928,13.84901407,10.5137276,12.8029202,16.61017417,14.3393629,15.29906489,13.65776504,15.0757716,15.04413794,11.3858624,7.139551352,13.78963553,14.96988113,15.52389882,15.69634273,14.92467335,11.91550596,15.96598715,15.42714913,16.30204982
ENSG00000167747.12,14.95664841,11.29001885,13.6708775,12.49460562,14.00272713,13.25797706,14.64638995,13.40832974,14.21310422,13.16694763,12.85428402,13.60802375,14.97297979,14.28504092,14.15014393,14.45693189,13.53697567,16.72817297,13.86302471,14.11072798,13.94991788,14.84328316,14.23616372,15.74493893,13.3693247,15.53439408,13.87305955,14.42587152,13.28742381,14.94795649,12.9918761,14.47503674,14.89325412,14.10484442,13.16647695,13.39473063,13.79472046,13.35287105,14.13282101,14.22219114,10.1382718,14.82510785,13.53235593,13.5070513,12.79705352,14.04114577,14.62313847,14.49841294,14.14402087,14.93700593,13.88807729,14.90815803,14.08746284,7.942514505,10.47876962,14.82366578,13.56854995,13.26018448,13.42940674,14.24161081,14.00474716,13.65553072,14.40633789,15.82326771
ENSG00000168077.12,9.475733431,12.21280033,11.49835061,10.29462075,11.45172627,11.51914479,9.988684687,12.38073161,10.78217919,11.12282799,8.566054038,9.609178738,9.864186145,10.25266543,11.61378946,11.24970606,11.82654849,10.83368075,9.891783703,9.513727596,8.348728154,10.16364968,10.67330908,10.64835758,11.86263736,10.57080444,10.64745843,11.44346161,11.29806257,8.933690655,11.8761332,8.918863237,11.38694025,11.48733762,9.394462695,10.57459353,9.850186838,11.39124359,9.428360173,10.81378119,14.05307739,10.60269887,11.13121391,10.5526691,10.81618368,13.25015035,9.011227255,8.962896005,10.50084188,10.77478706,10.77807713,10.37937837,11.11634396,9.796039609,13.73703604,8.611024797,10.69609817,9.575539247,9.390168956,9.11113567,9.415741768,10.22037833,11.59991284,9.503825738
ENSG00000168309.15,9.487840034,12.30777003,12.19352536,10.25148241,10.52943055,10.78790256,9.810571635,13.04473563,10.74399286,12.05188866,7.257387843,7.459431619,10.59525748,9.972979786,12.84254678,12.25944905,13.4655664,10.69609817,9.087462841,9.247927513,8.204571144,10.11894107,10.70563239,7.876516947,11.6926155,10.19967234,11.83368075,10.91139199,12.39392668,8.861086906,12.35617683,10.99717948,11.78545247,11.41732512,10.10852446,11.56652978,11.38154295,11.68079903,10.13699111,12.90030079,13.34401844,10.07280253,11.67507492,10.32530546,11.75739001,13.11618149,9.86727874,9.197216693,10.90914305,10.43567026,9.958552715,11.77313921,12.08281434,11.31288296,12.95963976,8.22881869,10.94617524,9.871905238,11.98690862,8.87958325,9.451211112,9.54689446,10.88950396,9.958552715
ENSG00000168497.4,10.23361968,12.18920683,11.34817487,8.927777962,9.35974956,10.56414949,10.36084708,12.65553072,10.33985,11.51569984,8.511752654,8.194756854,9.77478706,9.368506462,12.02928723,11.58590145,11.67595703,9.54689446,10.26561505,9.154818109,8.312882955,9.93516505,8.562242424,7.820178962,10.94178124,9.759888183,11.61562964,10.98726401,10.80735492,10.05120894,12.07848442,9.878050913,10.99506047,11.4046094,9.921840937,10.84156435,11.80493767,11.32642949,9.527477006,12.53649007,12.12412131,10.19967234,10.44086917,10.46147945,11.21735191,13.39365859,9.303780748,9.221587121,10.43462823,10.29691621,10.45018025,12.5282099,11.40354468,8.991521846,11.02721489,7.209453366,10.98868469,10.27146303,9.20701432,9.366322214,9.941047606,9.126704473,11.37123213,8.238404739
ENSG00000169213.6,12.55506839,11.87459719,13.52503135,11.58261245,14.36242331,12.89216331,14.74341441,13.93626986,10.79197682,12.08945048,12.40859511,12.38990017,13.5849625,14.82152488,13.67242534,14.46951463,13.81728349,12.21492619,12.31712993,14.38996737,11.68123841,12.63185913,14.05875279,13.84235034,11.56890615,13.06288938,14.27262978,14.90468166,12.51471405,13.77210834,14.00623841,12.86959384,11.94471206,12.83209885,12.70043972,12.30634655,12.59269062,14.46747819,13.91718558,13.5921066,7.400879436,13.10377955,11.95819018,14.71847936,13.29533847,12.48280796,14.73634908,14.61361683,12.60060985,12.78688219,11.81097322,12.1582941,14.35176744,12.26795708,7.50779464,11.46096776,12.87171276,12.34928123,13.59105477,11.8482317,13.15133372,13.72366094,15.01558928,13.88321604
ENSG00000169562.9,10.93884446,9.37286506,11.9505559,10.66444728,11.91288934,11.79887677,13.06086478,11.53381639,11.37232095,10.98584194,11.36413466,12.23152121,12.89443885,13.74735383,11.10590851,12.40514146,11.21067134,13.13907165,9.036173613,11.63390341,11.76942464,13.04302728,12.47952767,13.90670273,10.48582931,11.81338039,12.89064428,12.31599862,11.45994385,12.65172443,11.18177344,12.57483002,11.63026713,11.21977355,12.55482864,10.52943055,10.81698362,12.27321281,12.44164739,12.30406606,10.97727992,13.56783727,11.38801729,12.53284291,10.90839262,11.14402087,13.05866825,13.24748253,12.00422047,12.87055737,11.18797059,11.02306125,13.08646799,7.06608919,11.26268214,11.3885555,12.61010206,12.91120471,12.09539702,12.87094261,11.62479546,12.9248125,13.24614677,13.97996102
ENSG00000170271.9,9.055282436,11.55554777,11.00912879,10.25266543,10.4604559,11.15860969,9.733015322,12.12541347,9.843921051,11.07815081,7.948367232,8.13442632,9.768184325,9.636624621,11.30720081,10.95855272,11.56176526,9.440869168,8.945443836,8.326429487,7.948367232,9.842350343,9.933690655,8.6794801,11.12799432,10.03204573,10.65194861,10.77396337,9.654636029,8.379378367,11.46505617,8.794415866,10.74483384,10.73216743,9.396604781,9.927777962,9.672425342,11.05934446,9.451211112,10.23361968,11.93774162,10.28886607,10.02236781,10.17617315,10.12670447,11.96506276,8.980139578,8.707359132,10.18611424,9.5980525,9.927777962,10.10066234,11.08347933,10.6635581,11.42416629,7.434628228,10.24911345,8.214319121,8.864186145,8.169925001,9.105908509,8.77478706,11.01402047,8.951284715
ENSG00000171346.12,8.84862294,13.87967897,13.97629561,14.22701419,11.57412044,13.5140976,10.87574935,14.36741475,10.94397991,12.14497682,9.084808388,8.060695932,12.06541613,9.832890014,14.35438714,15.43234615,15.36341614,13.82982182,9.361943774,6.95419631,5.247927513,12.84764464,11.39124359,7.636624621,15.46227859,12.46633142,12.58402294,10.17617315,11.36577564,3.0,13.92509077,11.62205182,11.8963324,13.65720678,12.67705892,11.70476824,12.0657527,13.55146795,12.32333629,11.55458885,8.005624549,12.62021983,12.55913806,10.29806257,13.90105543,6.022367813,7.839203788,9.403012024,12.50332886,11.70476824,11.48834228,7.442943496,14.56498304,8.861086906,8.049848549,10.79766153,13.63129076,6.523561956,12.93018292,12.35424938,8.348728154,7.238404739,11.08148344,12.36413466
ENSG00000171444.16,8.50779464,12.0202855,11.00281502,9.929258409,10.62296694,11.11374217,10.00140819,12.13987106,10.28771238,10.35424938,8.813781191,7.665335917,10.32418055,9.882643049,11.7561393,11.75405237,11.93442804,8.577428828,8.804131021,9.449148645,6.266786541,9.231221181,10.5028318,7.8008999,11.77889848,9.955649908,10.77148947,10.60640521,10.20701432,8.447083226,11.85642553,8.845490051,11.05188866,10.74399286,10.13057056,10.20945337,9.581200582,11.40141288,9.815383296,10.59152235,11.74230944,10.17617315,9.493855449,10.13442632,11.00140819,11.05596023,9.485829309,9.463524373,9.900866808,9.839203788,9.977279923,9.826548487,11.11894107,10.97871046,10.65105169,6.845490051,11.28886607,7.693486957,9.902375114,8.491853096,9.394462695,10.68474862,10.90162116,8.794415866
ENSG00000172403.9,12.1234748,14.90717234,15.09155935,12.84529402,14.33441297,14.63026713,13.23825545,15.57922753,15.01402047,14.59052857,12.21097568,11.95855272,12.60200286,14.4409989,15.75546138,14.12250448,15.21511584,12.6209071,11.7652861,12.52967456,10.73555602,12.88397967,13.65608963,12.13795173,14.83091128,13.28525771,14.6513881,15.70376842,15.14370208,12.01402047,15.68288489,10.8587581,13.60998668,14.87958325,11.89973454,14.16309928,12.7225941,15.76108369,12.58331787,14.10664472,15.98837403,14.00088028,13.14863546,14.51280218,15.03690336,15.94125398,11.64024494,12.33594857,11.73343908,13.65430037,14.04148804,14.42718187,13.77961677,14.95682988,15.22475539,10.68737568,12.70152307,11.74104558,13.65787666,11.98655315,12.08878824,14.24889116,15.535245,12.06339508
ENSG00000173175.13,9.076815597,12.33231633,11.89746734,9.786269628,10.97656412,11.19352536,9.487840034,12.43567026,10.38909352,11.5028318,8.417852515,8.584962501,9.984418459,10.30263892,12.01367161,11.06608919,11.75070699,10.25384748,9.491853096,8.693486957,7.266786541,9.756556323,9.857980995,8.744833837,11.37340896,9.982993575,11.18177344,11.38154295,10.35645197,8.375039431,11.46250227,8.945443836,11.43410693,11.36468186,9.698704667,10.49884921,9.837627933,11.19167615,9.50779464,10.78053977,11.0202855,10.15101654,11.17430154,10.72366094,10.52943055,12.66222331,9.375039431,8.73809226,9.77148947,10.17741954,10.18115226,10.58871464,11.07748336,10.07280253,9.878050913,7.851749041,9.59058705,8.611024797,9.129283017,8.400879436,9.192292814,9.556506055,11.82057788,9.815383296
ENSG00000174099.9,10.6110248,12.41018632,12.46582146,10.52747701,12.17180229,12.1234748,10.40301202,12.90143261,11.94251451,12.13314221,9.59058705,10.38370429,10.58777752,11.86959384,13.18270471,11.93258387,12.70282201,9.982993575,10.24792751,10.37612539,8.77478706,10.7548875,11.07079181,9.77807713,12.09539702,11.14082977,11.93332182,12.56581611,11.93369065,9.949826711,12.99647349,8.97441459,11.67551604,12.46275787,9.815383296,11.32305476,10.5526691,12.66644594,10.45224124,11.66133275,12.91886324,11.46658634,11.197831,11.76030413,12.62113611,13.6255947,9.618385502,9.868822555,10.32418055,11.39767463,11.23720996,11.90086681,11.62159404,11.38262403,11.70390357,7.417852515,10.64565843,10.06069593,10.58683979,9.324180547,10.51175265,11.43931146,12.61953223,9.719388821
ENSG00000181218.5,11.98156728,7.87036472,10.31967212,9.73978061,10.92629599,9.77478706,11.5574637,9.607330314,9.95419631,10.45224124,8.810571635,11.82057788,12.12896095,10.92629599,8.693486957,10.36413466,9.636624621,9.952741247,12.08746284,10.11504365,11.65374078,11.2911707,11.06002035,11.81578354,9.64385619,10.36413466,10.59245704,11.82813648,9.044394119,11.68693817,10.25738784,9.885696373,8.21916852,9.856425529,10.95419631,10.04439412,9.192292814,9.792790294,11.09341756,9.905387005,7.098032083,11.5137276,10.31628153,11.95128471,10.47471995,10.06204614,11.19044202,11.82773965,9.927777962,11.4918531,9.891783703,11.183015,11.06339508,5.087462841,9.152284842,11.41837972,10.42206477,11.46760555,9.813781191,10.7968508,11.44811631,10.55362929,10.96361862,12.0721326
ENSG00000182253.13,11.70000615,13.8957646,15.22742792,12.95128471,13.25768248,13.7285583,12.31259938,14.63679453,14.36598063,14.25679839,10.69957245,11.51076417,11.50581155,14.26216827,14.87843415,13.5228267,14.6110248,13.36386098,10.07547915,11.7968508,8.74819285,13.42809841,12.99364606,11.34651373,13.85535517,12.72216714,14.48501165,14.27306708,13.85652279,10.14338321,14.23107114,10.56510208,13.22596053,14.50785657,11.31514956,12.92016674,11.75405237,15.38990017,12.46607646,13.35713959,15.52212173,13.37027873,14.01950386,12.95728346,13.94964436,15.01980788,11.04028972,11.47218312,11.61424973,13.57258181,13.16349244,13.86959384,12.92851838,13.34651373,13.88988417,11.06204614,11.73470962,11.10459875,12.9668659,11.54544718,11.39016896,13.35328469,13.9937345,12.49034951
ENSG00000183023.17,9.152284842,11.11634396,11.01052811,8.854868383,11.10000522,10.5574637,9.820178962,12.11439305,10.25502857,10.87113518,8.787902559,8.463524373,9.865733271,10.07146236,11.8637991,11.00140819,11.74986943,8.294620749,9.113742166,8.611024797,7.409390936,9.310612782,9.840777924,8.321928095,11.34817487,9.980139578,10.44086917,11.58824615,10.25974326,8.599912842,11.53964351,7.451211112,10.78626963,10.98655315,8.882643049,10.40939094,9.541096615,11.13506795,9.250298418,11.03686045,11.59058705,10.35314683,9.581200582,10.84627391,10.97727992,12.58590145,8.784634846,8.82336724,9.364134655,9.912889336,10.16867212,10.09671515,10.72792045,12.04644195,10.47876962,5.781359714,10.30035256,7.994353437,8.724513853,7.569855608,9.379378367,9.663558104,11.94727165,8.294620749
ENSG00000183036.9,10.24792751,8.864186145,12.51914479,11.32642949,11.23062093,11.15671514,9.364134655,11.78258876,11.69348696,10.82813648,8.912889336,9.758223215,8.611024797,11.90124403,12.99964774,11.33817925,11.69740201,11.96181141,6.22881869,9.906890596,7.900866808,11.82535634,11.00772811,9.087462841,10.78545247,10.50382574,11.12605912,11.1382718,10.69087101,6.491853096,11.83526092,8.915879379,9.808964175,12.08248173,6.942514505,10.45738088,9.036173613,11.95164899,9.131856961,10.61930296,12.98655315,10.9893945,11.9076418,9.815383296,11.49884921,11.85018684,5.459431619,9.087462841,9.471675214,10.75405237,11.17741954,10.74903138,10.85564717,9.955649908,12.56271943,10.29001885,8.965784285,9.607330314,10.03617361,10.54592977,8.558420713,11.53089398,11.70606427,10.90989308
ENSG00000183248.10,12.03823313,8.266786541,9.965784285,10.33539035,10.37177664,10.02928723,10.96144969,9.257387843,10.95201316,10.6110248,10.06204614,10.94544384,10.98013958,11.53576138,8.566054038,10.27029533,8.375039431,12.13089227,11.38262403,10.85174904,11.22881869,10.32642949,10.74567432,11.79319686,10.08347933,10.04302728,10.95346896,10.62844554,9.596189756,11.65374078,8.299208018,12.11926538,10.00982862,10.91513245,10.09143539,9.906890596,9.011227255,10.82017896,10.66888498,11.18735207,8.927777962,11.37503943,9.909893084,12.45275603,8.344295908,9.221587121,11.76777065,11.54012804,10.29232163,11.32023645,10.62205182,10.84156435,10.17242751,9.505811554,8.632995197,10.82017896,10.13185696,10.22520744,10.56128795,10.52356196,9.859534786,11.01959073,11.05799172,11.96578428
ENSG00000185303.14,11.24614677,9.625708843,11.48230378,10.52061868,10.90989308,12.39204904,11.86689253,11.64610864,9.958552715,12.75196241,7.658211483,9.645658432,10.25502857,11.2366122,9.537218401,10.96217303,9.746514321,10.89784546,8.558420713,12.0986901,15.10361566,11.94580958,10.03617361,11.34151882,12.74588437,10.26209485,12.60987129,14.89415461,13.13089227,10.95927751,10.53138146,9.398743692,9.366322214,9.233619677,9.990103964,15.70263266,12.10394343,9.224001674,10.18239435,9.28077077,5.554588852,11.357552,14.8363956,11.1382718,10.87728413,13.27844946,10.51766939,12.6588809,11.49685378,12.48230378,11.70347105,13.07531201,10.76487159,7.033423002,3.0,11.57884439,12.5389164,9.776433032,10.50382574,10.45429929,9.296916207,15.40307862,13.79553239,11.07146236
ENSG00000185565.10,8.124121312,12.10361566,12.95437809,10.09275714,10.56414949,10.98655315,9.688250309,14.3143,11.15797845,11.10590851,7.960001932,7.238404739,10.75321675,9.967226259,13.91373091,13.26018448,13.47548013,10.9225844,9.961449694,9.64385619,6.714245518,11.20823436,9.396604781,8.873444113,11.24970606,10.03479896,11.7026056,10.90989308,9.50779464,11.69174352,13.50308035,9.533329732,11.59198977,11.07414146,13.56938096,10.28077077,10.78626963,13.21355993,12.3553511,9.923327485,9.640244936,13.51643873,10.79928162,12.38208359,13.94982671,11.53964351,9.224001674,9.64385619,11.30947635,12.18394547,10.32080055,10.5526691,12.09473751,11.74315139,8.379378367,7.199672345,14.30869454,9.912889336,11.57364719,9.710806434,11.71123677,8.951284715,12.97423532,8.266786541
ENSG00000185567.6,8.703903573,11.30549179,11.95237725,8.900866808,10.01541505,11.07815081,9.139551352,11.79441587,10.57553925,11.09473751,8.744833837,7.64385619,9.105908509,10.31061278,10.75405237,10.44501485,11.20518233,8.038918989,9.766528909,9.37721053,6.64385619,8.764871591,9.842350343,8.438791853,10.63662462,9.172427509,10.62479546,11.2974895,10.86263736,8.727920455,10.89784546,6.339850003,9.722807531,10.92777796,8.636624621,9.068778278,8.968666793,12.14625045,9.346513733,10.56605404,12.47826403,10.1959873,8.948367232,11.10197567,10.24555271,11.64250303,8.700439718,8.577428828,8.997179481,9.871905238,9.727920455,11.05324713,10.20212382,10.69609817,10.57459353,6.409390936,8.826548487,7.721099189,9.052568051,7.21916852,8.781359714,10.19721669,10.41785251,7.930737338
ENSG00000186081.10,9.710806434,14.2063276,14.02418737,13.45879108,12.67771964,14.01332267,11.84156435,15.1622733,12.38478375,12.34512799,9.479780264,9.087462841,12.83150519,9.370687407,13.92016674,15.33793544,15.78087293,13.24183423,10.78545247,7.876516947,4.087462841,12.69130733,13.29619927,7.936637939,14.70222681,12.54012804,13.31938988,11.68868742,12.36550227,2.321928095,14.33007655,12.28540222,13.18936129,13.17430154,12.32502431,12.32979634,12.19444908,13.83575437,12.22580994,13.77231457,14.90590404,12.93810933,12.89026428,11.76030413,13.98770812,5.0,9.124121312,10.87113518,13.52576548,11.72919586,12.49660415,8.851749041,14.95909634,11.62159404,13.75832733,10.52061868,13.91111106,8.442943496,13.74157232,13.22656272,9.100662339,5.169925001,12.2644426,10.2772874
ENSG00000187210.11,12.80029326,9.016808288,11.37883671,10.5372184,12.06541613,11.08547246,12.80251637,11.36905201,8.991521846,11.945078,12.75551354,10.54592977,11.42153891,13.40194612,8.957102042,11.52552081,9.461479447,10.04165915,10.15228484,13.82276997,12.63117706,12.40806432,12.73809226,12.44164739,10.58308277,12.8637991,12.3885555,15.3803596,11.64295422,11.215533,10.72451385,12.72174005,10.78463485,10.41045135,10.64655871,11.91699905,9.152284842,11.19290922,10.85642553,11.87920032,10.06608919,13.32094154,11.43931146,12.268542,10.92703717,10.59339112,12.76300483,14.28814512,9.722807531,11.00772811,10.08746284,8.717676423,10.81297947,10.0768156,10.11504365,11.19537221,11.31628153,11.12992693,11.87766757,9.957102042,12.13699111,11.74903138,11.65731845,13.15022328
ENSG00000187398.10,10.05120894,7.839203788,10.28424575,10.13442632,11.46147945,10.2911707,12.04371086,9.491853096,7.21916852,11.85135865,10.91363743,11.74567432,11.3586512,12.5456885,7.375039431,10.357552,8.577428828,9.231221181,8.921840937,11.40939094,10.37503943,10.47876962,11.78912605,11.94434603,9.8008999,8.238404739,12.37014248,12.27233818,10.7903485,9.826548487,10.42206477,12.0385761,9.501837185,10.34540525,11.61470984,11.12088584,5.044394119,11.65374078,11.19475685,11.31910758,2.321928095,11.033423,10.20701432,10.20701432,9.471675214,9.283088353,12.53138146,13.14402087,8.569855608,9.390168956,8.982993575,9.645658432,10.42101286,8.483815777,1.0,10.12282799,10.07948478,8.405141463,11.53576138,9.142107057,8.422064766,11.58965115,12.37368083,12.1424262
ENSG00000188257.9,18.34887509,11.67904019,15.03939033,12.39473063,9.95419631,11.20518233,15.81267871,14.40859511,11.19844504,9.424166289,8.87958325,13.28857774,14.46976899,11.93921188,11.16427844,13.16679075,10.84549005,14.18650118,10.93295289,15.57246339,9.436711542,12.66021879,17.51991263,12.65910396,15.55653599,12.8637991,11.77148947,15.80201141,13.357552,12.05765334,13.63990592,12.71037597,12.75551354,13.08381171,12.36632221,12.98832965,11.78053977,11.76859788,12.69043456,15.36598063,10.82257083,12.79826927,11.95019135,10.83447105,13.87929606,13.54387766,14.82052802,13.7137087,13.67043496,13.57341051,12.91849059,13.18750673,15.58267125,11.50183718,7.076815597,13.38505349,12.74336181,10.15608308,13.9126087,14.60536376,10.71938882,15.69897591,13.20991023,11.67419227
ENSG00000188322.4,11.08414401,8.531381461,9.791162889,8.724513853,10.33650656,9.54303182,10.62113611,9.73470962,10.07280253,9.445014846,10.75739001,10.1959873,10.45532722,11.05120894,9.049848549,9.62388149,8.535275377,10.70994538,9.172427509,10.49285462,10.04848687,9.933690655,10.65015421,10.70043972,9.845490051,10.25266543,10.64835758,11.69392249,9.4325419,11.436191,9.233619677,10.63934071,9.22881869,9.874981348,10.25266543,9.479780264,8.312882955,10.51766939,10.56795608,10.64295422,6.584962501,10.86959384,9.346513733,11.50133962,8.479780264,9.95419631,11.05052891,11.32305476,9.62935662,9.888743249,9.636624621,10.62479546,10.20945337,7.781359714,6.857980995,9.68474862,10.40620501,9.651051691,9.674192268,9.312882955,11.00492268,10.033423,11.09341756,11.13442632
ENSG00000188848.14,10.69696753,9.906890596,10.86573327,9.45532722,11.00842862,11.14465824,11.87843415,10.89330153,9.379378367,10.85720347,10.57080444,9.845490051,10.71080643,12.47801117,10.25856603,11.28135051,9.980139578,11.28598011,9.317412614,11.72067179,9.303780748,10.64205169,11.51175265,12.27292133,10.45121111,11.72706956,12.15450169,12.15797845,10.23002044,11.79968636,10.16239133,10.5574637,8.668884984,11.04371086,10.93957921,11.44759986,11.33985,11.40247917,12.00035218,10.54785851,2.0,11.56985561,10.2644426,8.945443836,10.23242093,10.04302728,12.17492568,12.74251997,11.2467406,12.88397967,11.37232095,12.41837972,10.96794671,9.184875343,2.807354922,9.082149041,10.92777796,11.14974712,10.09803208,10.9076418,12.72003045,10.63026713,12.64880695,11.37449615
ENSG00000196104.9,8.519636253,10.94397991,11.82057788,9.076815597,11.53138146,11.06810648,9.642051693,12.49485558,9.668884984,12.08048446,8.164906927,8.826548487,10.77807713,9.541096615,12.08580438,11.26912668,11.97333862,8.918863237,9.77148947,7.894817763,6.459431619,10.24079133,10.41785251,11.0202855,11.04712391,10.38154295,11.24376903,11.73766986,10.46250227,10.34318572,12.21674586,8.62935662,12.34318572,11.42940674,10.63571812,11.14529533,10.17617315,11.39767463,9.832890014,10.90237511,11.02167404,9.926295995,11.45275603,10.52943055,11.77272695,13.55758336,11.56510208,9.038918989,10.31174832,10.53332973,10.24079133,9.285402219,10.41045135,10.26912668,10.14720492,7.276124405,10.27262978,7.515699838,9.761551232,8.124121312,11.26091953,9.25502857,11.92444139,9.8008999
ENSG00000196549.9,12.88417052,13.11080953,14.80120313,12.14752294,10.14974712,12.82853321,11.50531536,15.0183306,13.99903107,11.48532619,10.37068741,12.62798978,13.4152136,11.09011242,15.46680935,15.92907344,15.73698321,12.23332008,13.79624245,10.25974326,13.53199058,14.00299077,12.11958962,5.491853096,12.43567026,12.33119688,12.9225844,10.89330153,10.2737956,12.48834228,16.35529947,11.65865779,13.38626669,13.13426587,13.78330522,11.73174329,13.00790327,15.50404307,13.37055119,15.32256195,12.24138736,13.52429684,12.32192809,15.64196705,15.23009551,10.74230944,10.05256805,8.632995197,13.74104558,12.82237166,13.06373212,13.6883596,14.54779827,11.68781306,11.96434087,7.584962501,13.83516221,11.53527538,14.03204573,12.94818469,13.62776185,10.27496047,13.72206038,10.21431912
ENSG00000196878.11,8.199672345,14.11958962,11.65776504,10.73555602,11.7198166,12.80916521,10.42731284,13.56379211,10.61470984,11.04916787,7.994353437,8.581200582,11.18239435,8.118941073,12.4714212,13.12137163,13.54254826,12.66954946,9.301496195,7.339850003,5.087462841,11.00281502,11.97692207,7.499845887,13.5553081,11.28135051,10.68299458,10.39231742,10.42416629,5.882643049,13.00842862,9.430452552,12.3693247,11.86997933,11.21613956,10.50481899,10.60455323,11.70735913,10.63753055,11.55314928,13.33692491,11.50432245,12.00316651,10.81137469,12.32474311,9.052568051,7.321928095,9.381542951,12.21674586,10.31174832,11.15418521,7.22881869,13.42061819,8.30833903,14.65032253,9.586839788,12.40167953,7.303780748,11.43879185,11.02306125,8.294620749,6.977279923,10.88034881,9.631177056
ENSG00000198734.9,7.73470962,11.41309898,8.721099189,7.592457037,12.43019117,8.658211483,12.16207657,10.39016896,12.04268537,5.95419631,9.83447105,9.041659152,12.24881706,9.17990909,8.784634846,10.74567432,10.02513956,10.42836017,9.142107057,12.98495243,10.44086917,11.00351791,11.51175265,12.69892166,10.37395266,8.447083226,8.939579214,14.74703907,6.87036472,8.854868383,9.118941073,11.4372319,9.060695932,10.08081753,11.35645197,8.807354922,8.864186145,11.10852446,8.199672345,9.477758266,3.807354922,10.35204343,6.169925001,12.75926405,8.727920455,7.044394119,12.25915477,12.84725314,9.782998209,7.491853096,10.6128685,10.90914305,10.37612539,10.11374217,4.169925001,10.57459353,10.16490693,5.906890596,9.893301531,7.330916878,11.02444712,11.96794671,14.02513956,10.24792751
ENSG00000198848.11,7.62935662,11.70692764,11.53138146,8.370687407,10.15987134,10.96794671,6.820178962,9.807354922,10.59898297,10.86186234,8.189824559,8.487840034,9.368506462,10.15860969,12.15734694,10.1382718,10.8864587,10.74986943,8.921840937,7.839203788,7.459431619,9.668884984,9.77807713,7.845490051,10.30720081,8.714245518,11.3858624,10.23601419,9.677719642,6.658211483,9.46760555,9.499845887,11.95927751,10.43567026,9.041659152,9.45532722,8.487840034,10.36084708,10.30263892,9.853309555,9.862637358,9.283088353,11.28019079,10.77478706,11.9068906,11.97190275,8.721099189,8.005624549,10.02513956,9.152284842,9.079484784,9.167418146,9.136991112,7.714245518,7.707359132,7.366322214,9.952741247,6.930737338,11.01541505,7.693486957,9.169925001,8.531381461,10.88417052,9.477758266
ENSG00000198947.13,10.30947635,11.18920683,11.37068741,9.632995197,10.72451385,11.06810648,9.681238412,11.48784003,11.00912879,10.70649602,8.74819285,8.038918989,9.796039609,10.91214086,11.71853288,10.67507492,11.29863541,8.169925001,10.76238204,9.068778278,7.584962501,9.315149562,10.52943055,11.33817925,11.04984855,9.964340868,11.02583167,11.7883105,11.50133962,8.857980995,11.44863257,8.383704292,9.77148947,11.14784089,7.994353437,9.887220615,9.06608919,11.95782756,9.339850003,10.75238065,13.35713959,10.34651373,8.693486957,11.0986901,11.10525378,11.87305955,7.781359714,8.375039431,8.873444113,10.23361968,9.939579214,10.90538701,10.33650656,12.39553414,12.63843591,5.247927513,9.588714636,8.921840937,9.758223215,8.14974712,9.038918989,10.38154295,11.48633225,7.417852515
ENSG00000204128.5,11.43410693,9.2644426,11.94251451,11.14974712,10.85953479,12.42127591,11.32811389,10.56033283,12.36303963,11.96830679,10.05663772,12.93405939,11.92035286,13.47788472,11.49235395,10.49685378,9.30833903,13.06944977,10.58214198,7.693486957,12.56843119,12.73555602,11.23840474,12.49685378,10.80815977,11.79075575,12.62044895,12.28308835,12.47497338,12.03720374,10.46147945,11.6891244,11.4655664,12.10361566,13.21492619,12.42992974,10.22761594,12.40221267,13.34332454,12.97763769,6.189824559,13.30677374,10.22400167,11.82296909,10.26561505,10.84156435,11.45481335,10.99929539,12.32923574,10.9893945,11.82296909,12.83229668,13.3143,8.447083226,5.357552005,10.12799432,12.87747587,11.99152185,11.30035256,11.88034881,12.82257083,10.79116289,14.24399211,10.21310422
ENSG00000211445.10,10.09539702,12.7827935,13.11129871,11.67991988,11.23900176,11.87152026,11.82456103,14.02063276,10.54882191,11.91513245,9.068778278,9.047123912,10.33873638,10.47269084,13.09556186,13.0164601,12.69870467,12.56629193,10.2772874,9.17990909,7.011227255,11.98406237,13.41851149,8.262094845,12.59222342,12.2467406,10.87113518,12.11276528,13.4540422,9.927777962,13.13715126,11.37395266,11.95601308,12.20120501,10.39553414,11.1234748,11.52209107,12.22761594,10.64385619,13.52319437,13.02479338,11.85720347,12.17617315,10.62753388,13.17352099,13.65452415,10.32755264,11.28424575,12.07848442,10.52356196,10.75822321,11.87996608,12.7368247,11.64250303,13.63900148,10.51668495,12.90576305,10.05663772,11.42469119,9.620219826,10.05934446,11.23481743,11.3586512,10.28886607
ENSG00000211689.5,13.36550227,11.14146856,13.97835296,12.76092781,14.65754176,13.84008945,13.99991194,11.22460468,14.95819018,14.49416807,10.49485558,15.06844242,15.10111393,15.58361169,13.06928192,14.40773248,12.4601999,14.46480098,12.86631302,12.6906528,13.50370153,14.20609861,13.56557814,14.7342333,13.34872815,14.62502386,14.76248586,14.90933059,14.006852,14.97109444,13.24138736,14.63707766,14.22249305,13.90501086,14.72451385,14.44417372,14.62975504,14.75535705,14.88116177,14.79674942,5.95419631,15.90279904,14.81378119,13.35920049,13.32811389,14.83155467,12.99506047,14.86626471,14.11975171,15.46457766,14.03256236,15.65832307,14.84666568,11.38424412,7.108524457,13.25738784,15.41025258,11.74399286,14.08572141,14.60998668,14.32544601,14.34485068,15.97077997,14.48865609
ENSG00000225937.1,10.53040634,7.794415866,13.09819661,12.47548013,12.29088282,13.6570951,14.2822921,7.658211483,6.569855608,11.89405985,12.93663794,9.815383296,9.505811554,16.21445194,7.118941073,12.67375074,7.189824559,13.30206767,7.0,14.95342349,6.491853096,14.6285025,14.78212799,14.75373907,12.57624813,14.90834571,15.37893829,14.4343676,13.09044328,10.1176431,11.98121049,14.34485068,12.8273427,14.58178903,15.69185255,14.79090844,13.24362029,13.75697323,15.87087038,11.46964182,3.807354922,16.16508364,14.32656993,10.96072599,9.294620749,14.59175608,13.088457,16.40917544,14.74394028,15.49850644,12.70735913,15.30517113,12.45891921,12.10066234,4.321928095,14.31288296,16.67017213,9.588714636,12.13346335,14.28467953,13.97638512,14.89600121,13.46454575,15.41722621
ENSG00000227191.5,11.96866679,8.113742166,10.81217731,9.550746785,12.88054013,10.54496443,11.89557528,10.17617315,12.69326914,12.35810171,6.409390936,10.75655632,10.21310422,13.19152194,10.71424552,12.11048331,10.41045135,11.75822321,11.027906,10.5372184,10.69870467,12.91942202,11.94471206,12.77045742,10.28193003,11.79766153,12.26707927,12.96866679,11.73301532,13.74724892,11.95963976,12.70671184,11.56985561,10.1382718,11.75070699,13.17664067,12.39901083,11.70476824,13.13201768,11.60825482,3.807354922,13.45673942,11.54399845,11.027906,10.93663794,11.57978733,10.50084188,11.71681946,12.75112558,12.9309221,11.66666784,13.4621188,11.85759229,8.535275377,6.930737338,10.06743436,12.99488374,9.908392621,11.00281502,11.44035012,12.49485558,10.95201316,12.71874691,11.38370429
ENSG00000235162.7,9.036173613,11.04507705,11.31174832,9.958552715,10.10721708,10.14465824,8.927777962,11.22701419,10.60733031,11.15924065,8.055282436,10.22158712,9.681238412,10.57080444,11.70735913,10.56510208,11.04712391,9.813781191,7.599912842,8.921840937,8.027905997,10.40194612,9.4325419,7.50779464,10.15608308,9.920352855,10.65463603,9.618385502,9.839203788,7.6794801,11.63390341,8.515699838,10.91960824,11.41204051,9.2644426,10.20457114,9.826548487,11.01611184,8.744833837,10.56795608,12.3834343,10.40194612,11.34706766,9.890264277,10.60269887,12.4918531,9.818582177,8.276124405,9.407267764,9.82336724,9.878050913,9.719388821,10.3858624,10.34762137,11.93957921,7.531381461,9.749869427,9.977279923,9.479780264,8.939579214,9.850186838,9.8008999,10.77231457,9.839203788
ENSG00000236699.7,11.60779264,9.060695932,10.57175264,10.53527538,10.56700537,10.3858624,11.96470186,11.07079181,9.787902559,10.35974956,10.59058705,10.91513245,12.08115052,12.25473339,10.23122118,11.65105169,9.301496195,11.02236781,10.13570929,11.35314683,9.864186145,10.41151099,11.83447105,12.81077244,10.51668495,11.2848241,11.08015131,12.37177664,10.6891244,11.11699368,10.17492568,11.85096815,8.864186145,10.68650053,11.32305476,10.83526092,10.4604559,11.48834228,10.73555602,10.67154107,6.658211483,11.89708913,8.262094845,10.99364606,9.558420713,9.670656249,12.18889787,12.20548782,10.03479896,10.21674586,10.98726401,9.475733431,10.72962074,10.69783636,6.169925001,9.394462695,12.90632693,10.8587581,11.79968636,10.169925,10.85953479,10.52552081,12.15955603,10.94251451
ENSG00000242110.6,11.59572369,8.348728154,8.807354922,10.37829486,12.88168756,9.741466986,13.203348,9.177419538,9.984418459,11.41468524,10.83999107,12.47598669,8.854868383,14.33887563,9.182394353,11.03686045,8.558420713,9.250298418,10.29920802,14.70411979,13.65698342,11.9465408,13.20426546,13.36440828,7.942514505,12.79887677,13.4228532,15.04469294,12.11015702,10.73555602,10.28193003,12.30833903,11.2737956,10.58308277,13.38990017,13.29935114,13.62239506,11.73724734,12.34512799,9.763212367,8.731319031,12.99276135,11.26912668,10.5574637,9.493855449,9.936637939,12.17586138,15.67917767,11.53527538,12.53211237,9.497851837,11.91475884,11.97297979,7.741466986,8.661778098,13.31132259,13.23332008,12.03651707,10.00140819,11.94909716,10.03617361,13.92972074,10.74483384,14.55062656
ENSG00000242125.3,11.45327063,9.73470962,10.26678654,9.927777962,10.8153833,9.961449694,11.183015,9.622051819,10.57742883,9.840777924,10.47167521,9.894817763,12.44397954,11.47725232,9.54303182,11.33817925,9.554588852,11.31910758,12.35480034,10.40514146,10.88111396,10.95927751,11.31571566,12.43749201,10.91960824,10.89860139,10.2737956,11.62844554,10.18982456,11.47015044,10.03617361,11.68781306,10.69435789,10.60917874,11.04644195,10.98726401,10.56795608,10.62113611,11.21127995,9.746514321,8.64385619,11.08945048,10.22400167,11.02097994,10.00281502,10.40407714,12.19660213,10.16490693,11.24970606,10.62113611,11.11958962,11.04848687,10.77725532,9.513727596,9.159871337,11.14082977,11.02652344,11.27786855,10.52649924,10.00422047,10.74146699,10.73809226,11.44811631,11.04848687
ENSG00000242899.1,9.588714636,8.321928095,10.41151099,10.89330153,11.80856203,9.63481105,12.6805793,8.861086906,11.44242519,11.08878824,12.6617781,9.162391329,9.049848549,13.10852446,8.392317423,11.43201985,9.487840034,10.43879185,11.97369737,12.72664392,9.670656249,10.72536626,13.04575966,13.56176526,10.6329952,11.33539035,12.08945048,12.67485431,9.73470962,11.19044202,9.491853096,12.70951466,9.079484784,11.61378946,12.88893347,12.15797845,9.62388149,11.50084188,11.37883671,9.136991112,3.169925001,9.746514321,11.43775207,10.10852446,9.422064766,8.392317423,13.27641524,12.58613609,8.813781191,12.39473063,10.65284497,9.746514321,10.16239133,7.948367232,2.0,11.85564717,12.43045255,13.17788666,12.25944905,11.01052811,9.326429487,12.69457554,13.03634535,13.27946549
ENSG00000244509.3,9.071462363,11.50233458,10.96938652,10.14210706,11.16867212,10.83999107,9.943979914,13.04763517,9.449148645,10.73724734,7.139551352,8.154818109,10.07948478,9.948367232,12.28886607,12.23451809,12.78851443,10.54109662,9.01402047,7.826548487,6.584962501,10.70217269,10.18115226,7.129283017,11.47065887,9.917372079,10.33873638,9.903881846,9.820178962,7.948367232,12.37232095,8.491853096,10.97871046,10.19105921,9.781359714,9.74819285,9.531381461,11.33483193,10.43567026,10.28193003,12.66688971,10.43879185,10.81137469,9.933690655,12.43749201,11.17741954,8.46760555,9.247927513,10.33203655,9.453270634,9.47370575,9.415741768,11.98441846,10.36850646,11.83999107,8.383704292,10.92777796,7.845490051,9.749869427,8.317412614,8.596189756,7.982993575,10.3553511,8.519636253
ENSG00000275832.3,9.403012024,13.08878824,11.05528244,9.741466986,11.183015,11.05324713,9.033423002,12.17211493,10.3586512,9.95419631,8.214319121,8.375039431,10.01541505,9.335390355,11.21856324,11.36249181,11.35810171,9.063395081,8.73809226,8.82336724,7.400879436,9.169925001,10.8153833,8.451211112,11.8587581,9.992938336,10.10328781,10.86882255,10.43775207,8.640244936,11.67463366,8.499845887,10.37612539,11.04712391,9.539158811,9.63481105,9.656424863,10.73893668,9.139551352,10.70735913,11.49235395,9.957102042,9.257387843,10.76404222,11.01402047,11.3586512,8.409390936,8.710806434,10.04848687,9.965784285,9.876516947,9.789533645,11.97584797,9.8008999,11.68650053,7.033423002,10.28193003,8.357552005,9.620219826,8.658211483,8.45532722,9.442943496,10.56890615,7.857980995
ENSG00000280623.1,9.840777924,9.216745858,13.93452019,13.44229559,14.63617144,13.55062656,15.30947635,9.909893084,12.58143599,10.55650605,14.28634117,11.10983065,11.89860139,15.35238833,8.939579214,14.55362929,7.686500527,12.40247917,10.67683861,13.55134778,9.647458426,15.50770174,14.70114399,16.10031328,9.71596199,8.0,15.03720374,15.9269677,13.52552081,9.447083226,11.12992693,14.96135925,11.44397954,12.01924322,15.1754326,11.52012755,12.38208359,15.45984782,14.93774162,8.463524373,8.247927513,12.83447105,12.55170826,8.948367232,7.383704292,8.523561956,13.81858218,10.72962074,8.060695932,14.13274069,8.092757141,12.85545251,12.96199223,12.99063583,8.921840937,15.42035502,9.346513733,13.45635442,12.26414934,13.25827158,10.52552081,13.57459353,15.46314117,15.35287105
